-- phpMyAdmin SQL Dump
-- version 5.2.0
-- https://www.phpmyadmin.net/
--
-- Host: 127.0.0.1:3307
-- Creato il: Mar 23, 2024 alle 14:20
-- Versione del server: 10.4.27-MariaDB
-- Versione PHP: 8.2.0

SET SQL_MODE = "NO_AUTO_VALUE_ON_ZERO";
START TRANSACTION;
SET time_zone = "+00:00";


/*!40101 SET @OLD_CHARACTER_SET_CLIENT=@@CHARACTER_SET_CLIENT */;
/*!40101 SET @OLD_CHARACTER_SET_RESULTS=@@CHARACTER_SET_RESULTS */;
/*!40101 SET @OLD_COLLATION_CONNECTION=@@COLLATION_CONNECTION */;
/*!40101 SET NAMES utf8mb4 */;

--
-- Database: `atv`
--

-- --------------------------------------------------------

--
-- Struttura della tabella `bus_numbers`
--

CREATE TABLE `bus_numbers` (
  `id` int(11) NOT NULL,
  `number` varchar(10) NOT NULL,
  `qr_code_number` varchar(256) DEFAULT NULL
) ENGINE=InnoDB DEFAULT CHARSET=utf8mb4 COLLATE=utf8mb4_general_ci;

--
-- Dump dei dati per la tabella `bus_numbers`
--

INSERT INTO `bus_numbers` (`id`, `number`, `qr_code_number`) VALUES
(1, '11', NULL),
(2, '13', NULL),
(3, '24', NULL),
(4, '52', NULL),
(5, '73', NULL);

-- --------------------------------------------------------

--
-- Struttura della tabella `bus_paths`
--

CREATE TABLE `bus_paths` (
  `id` int(11) NOT NULL,
  `bus_number_id` int(11) NOT NULL,
  `latitude` decimal(10,8) NOT NULL,
  `longitude` decimal(11,8) NOT NULL
) ENGINE=InnoDB DEFAULT CHARSET=utf8mb4 COLLATE=utf8mb4_general_ci;

--
-- Dump dei dati per la tabella `bus_paths`
--

INSERT INTO `bus_paths` (`id`, `bus_number_id`, `latitude`, `longitude`) VALUES
(1, 1, '45.45836400', '10.94597610'),
(2, 1, '45.45817200', '10.94608620'),
(3, 1, '45.45801970', '10.94612290'),
(4, 1, '45.45795370', '10.94614540'),
(5, 1, '45.45783520', '10.94617750'),
(6, 1, '45.45760960', '10.94619470'),
(7, 1, '45.45728100', '10.94622480'),
(8, 1, '45.45701670', '10.94623050'),
(9, 1, '45.45679200', '10.94616540'),
(10, 1, '45.45665220', '10.94612480'),
(11, 1, '45.45679200', '10.94616540'),
(12, 1, '45.45701670', '10.94623050'),
(13, 1, '45.45728100', '10.94622480'),
(14, 1, '45.45760960', '10.94619470'),
(15, 1, '45.45783520', '10.94617750'),
(16, 1, '45.45795370', '10.94614540'),
(17, 1, '45.45801970', '10.94612290'),
(18, 1, '45.45817200', '10.94608620'),
(19, 1, '45.45836400', '10.94597610'),
(20, 1, '45.45822710', '10.94646090'),
(21, 1, '45.45807150', '10.94704230'),
(22, 1, '45.45804100', '10.94712210'),
(23, 1, '45.45797970', '10.94730040'),
(24, 1, '45.45793650', '10.94740450'),
(25, 1, '45.45790300', '10.94748520'),
(26, 1, '45.45786750', '10.94756320'),
(27, 1, '45.45781950', '10.94766850'),
(28, 1, '45.45764330', '10.94806700'),
(29, 1, '45.45726140', '10.94896110'),
(30, 1, '45.45698000', '10.94960520'),
(31, 1, '45.45688880', '10.94980210'),
(32, 1, '45.45660220', '10.95042600'),
(33, 1, '45.45656330', '10.95051340'),
(34, 1, '45.45641160', '10.95085260'),
(35, 1, '45.45605190', '10.95168850'),
(36, 1, '45.45525980', '10.95306210'),
(37, 1, '45.45517250', '10.95319850'),
(38, 1, '45.45504670', '10.95339520'),
(39, 1, '45.45500480', '10.95349670'),
(40, 1, '45.45476490', '10.95408420'),
(41, 1, '45.45439000', '10.95489240'),
(42, 1, '45.45426380', '10.95513960'),
(43, 1, '45.45417410', '10.95532910'),
(44, 1, '45.45407010', '10.95554300'),
(45, 1, '45.45402780', '10.95562660'),
(46, 1, '45.45364070', '10.95640180'),
(47, 1, '45.45354630', '10.95660140'),
(48, 1, '45.45294420', '10.95782760'),
(49, 1, '45.45285980', '10.95800040'),
(50, 1, '45.45224870', '10.95927190'),
(51, 1, '45.45211960', '10.95954060'),
(52, 1, '45.45182980', '10.96021620'),
(53, 1, '45.45174760', '10.96040050'),
(54, 1, '45.45139290', '10.96119600'),
(55, 1, '45.45104760', '10.96187090'),
(56, 1, '45.45095760', '10.96204680'),
(57, 1, '45.45078410', '10.96236930'),
(58, 1, '45.45068810', '10.96253060'),
(59, 1, '45.45060980', '10.96266220'),
(60, 1, '45.45051070', '10.96283130'),
(61, 1, '45.45024580', '10.96321720'),
(62, 1, '45.44992670', '10.96358950'),
(63, 1, '45.44967060', '10.96386560'),
(64, 1, '45.44963590', '10.96390210'),
(65, 1, '45.44961850', '10.96392040'),
(66, 1, '45.44854130', '10.96506610'),
(67, 1, '45.44848050', '10.96512820'),
(68, 1, '45.44801710', '10.96560390'),
(69, 1, '45.44779200', '10.96583960'),
(70, 1, '45.44730800', '10.96634630'),
(71, 1, '45.44692110', '10.96673990'),
(72, 1, '45.44690360', '10.96675770'),
(73, 1, '45.44676290', '10.96690560'),
(74, 1, '45.44666310', '10.96700620'),
(75, 1, '45.44659960', '10.96707060'),
(76, 1, '45.44630750', '10.96736680'),
(77, 1, '45.44623410', '10.96744200'),
(78, 1, '45.44615210', '10.96752600'),
(79, 1, '45.44591140', '10.96777250'),
(80, 1, '45.44539770', '10.96831860'),
(81, 1, '45.44509220', '10.96862580'),
(82, 1, '45.44499200', '10.96872660'),
(83, 1, '45.44494210', '10.96877730'),
(84, 1, '45.44416140', '10.96957800'),
(85, 1, '45.44386810', '10.96987560'),
(86, 1, '45.44371670', '10.97001630'),
(87, 1, '45.44369290', '10.97003840'),
(88, 1, '45.44361550', '10.97011040'),
(89, 1, '45.44355290', '10.97009880'),
(90, 1, '45.44349020', '10.97008340'),
(91, 1, '45.44340110', '10.97006150'),
(92, 1, '45.44337270', '10.97005330'),
(93, 1, '45.44255030', '10.96982190'),
(94, 1, '45.44093360', '10.96935770'),
(95, 1, '45.44091610', '10.96935270'),
(96, 1, '45.44080670', '10.96931960'),
(97, 1, '45.44079270', '10.96943870'),
(98, 1, '45.44078050', '10.96954970'),
(99, 1, '45.44070100', '10.97018430'),
(100, 1, '45.44065440', '10.97048640'),
(101, 1, '45.44062370', '10.97068030'),
(102, 1, '45.44047580', '10.97141040'),
(103, 1, '45.44045540', '10.97151110'),
(104, 1, '45.44042990', '10.97163820'),
(105, 1, '45.44040260', '10.97177140'),
(106, 1, '45.44034430', '10.97174960'),
(107, 1, '45.44031170', '10.97173740'),
(108, 1, '45.44014670', '10.97167550'),
(109, 1, '45.43973080', '10.97196230'),
(110, 1, '45.43955430', '10.97208980'),
(111, 1, '45.43926760', '10.97230300'),
(112, 1, '45.43886280', '10.97260410'),
(113, 1, '45.43878760', '10.97266020'),
(114, 1, '45.43848310', '10.97287550'),
(115, 1, '45.43832370', '10.97298940'),
(116, 1, '45.43797650', '10.97324860'),
(117, 1, '45.43782930', '10.97335840'),
(118, 1, '45.43730080', '10.97376520'),
(119, 1, '45.43720560', '10.97384360'),
(120, 1, '45.43705420', '10.97396140'),
(121, 1, '45.43676990', '10.97311380'),
(122, 1, '45.43651240', '10.97234470'),
(123, 1, '45.43646890', '10.97222310'),
(124, 1, '45.43642410', '10.97209590'),
(125, 1, '45.43618140', '10.97136970'),
(126, 1, '45.43615140', '10.97128060'),
(127, 1, '45.43594530', '10.97066460'),
(128, 1, '45.43588190', '10.97046640'),
(129, 1, '45.43582660', '10.97030700'),
(130, 1, '45.43577470', '10.97034130'),
(131, 1, '45.43458320', '10.97112930'),
(132, 1, '45.43452930', '10.97116490'),
(133, 1, '45.43435390', '10.97105450'),
(134, 1, '45.43429240', '10.97099970'),
(135, 1, '45.43418540', '10.97085230'),
(136, 1, '45.43408090', '10.97087740'),
(137, 1, '45.43402420', '10.97090370'),
(138, 1, '45.43355940', '10.97120410'),
(139, 1, '45.43343030', '10.97129150'),
(140, 1, '45.43330160', '10.97141310'),
(141, 1, '45.43320400', '10.97152330'),
(142, 1, '45.43313670', '10.97160260'),
(143, 1, '45.43286430', '10.97192860'),
(144, 1, '45.43264750', '10.97218840'),
(145, 1, '45.43244990', '10.97242520'),
(146, 1, '45.43183330', '10.97316300'),
(147, 1, '45.43180430', '10.97319770'),
(148, 1, '45.43167910', '10.97333720'),
(149, 1, '45.43158170', '10.97345860'),
(150, 1, '45.43155040', '10.97350040'),
(151, 1, '45.43139730', '10.97370520'),
(152, 1, '45.43127120', '10.97391120'),
(153, 1, '45.43119110', '10.97410180'),
(154, 1, '45.43113250', '10.97430920'),
(155, 1, '45.43109160', '10.97452550'),
(156, 1, '45.43106400', '10.97483110'),
(157, 1, '45.43105060', '10.97499810'),
(158, 1, '45.43098510', '10.97581010'),
(159, 1, '45.43081350', '10.97805710'),
(160, 1, '45.43077620', '10.97854600'),
(161, 1, '45.43077380', '10.97865780'),
(162, 1, '45.43076750', '10.97895460'),
(163, 1, '45.43077140', '10.97899350'),
(164, 1, '45.43079030', '10.97912150'),
(165, 1, '45.43086930', '10.97957760'),
(166, 1, '45.43090260', '10.97991070'),
(167, 1, '45.43093070', '10.98008100'),
(168, 1, '45.43095870', '10.98025140'),
(169, 1, '45.43097010', '10.98033750'),
(170, 1, '45.43098630', '10.98045990'),
(171, 1, '45.43102630', '10.98074090'),
(172, 1, '45.43106010', '10.98088120'),
(173, 1, '45.43113750', '10.98120260'),
(174, 1, '45.43119480', '10.98138430'),
(175, 1, '45.43127850', '10.98156460'),
(176, 1, '45.43123290', '10.98166130'),
(177, 1, '45.43116420', '10.98183660'),
(178, 1, '45.43105100', '10.98209650'),
(179, 1, '45.43096380', '10.98231060'),
(180, 1, '45.43093780', '10.98238210'),
(181, 1, '45.43087580', '10.98255180'),
(182, 1, '45.43073910', '10.98276760'),
(183, 1, '45.43070150', '10.98285930'),
(184, 1, '45.43067890', '10.98291260'),
(185, 1, '45.43062790', '10.98302420'),
(186, 1, '45.43033380', '10.98370340'),
(187, 1, '45.43023860', '10.98393550'),
(188, 1, '45.43019440', '10.98405730'),
(189, 1, '45.43011620', '10.98423540'),
(190, 1, '45.43008010', '10.98441000'),
(191, 1, '45.43004050', '10.98457320'),
(192, 1, '45.43004890', '10.98480120'),
(193, 1, '45.43011220', '10.98510630'),
(194, 1, '45.43015680', '10.98533230'),
(195, 1, '45.43020370', '10.98554870'),
(196, 1, '45.43032570', '10.98621110'),
(197, 1, '45.43041990', '10.98652730'),
(198, 1, '45.43045470', '10.98671110'),
(199, 1, '45.43049420', '10.98678550'),
(200, 1, '45.43054130', '10.98685760'),
(201, 1, '45.43063000', '10.98699200'),
(202, 1, '45.43072240', '10.98709790'),
(203, 1, '45.43082130', '10.98720820'),
(204, 1, '45.43100560', '10.98739360'),
(205, 1, '45.43115410', '10.98753630'),
(206, 1, '45.43121530', '10.98759790'),
(207, 1, '45.43125800', '10.98764890'),
(208, 1, '45.43137310', '10.98768310'),
(209, 1, '45.43151420', '10.98772890'),
(210, 1, '45.43154520', '10.98775080'),
(211, 1, '45.43158290', '10.98779820'),
(212, 1, '45.43160010', '10.98783690'),
(213, 1, '45.43161500', '10.98788840'),
(214, 1, '45.43165950', '10.98804630'),
(215, 1, '45.43168070', '10.98807320'),
(216, 1, '45.43176430', '10.98814910'),
(217, 1, '45.43179460', '10.98817340'),
(218, 1, '45.43181770', '10.98818960'),
(219, 1, '45.43211620', '10.98835390'),
(220, 1, '45.43216850', '10.98838130'),
(221, 1, '45.43311690', '10.98887910'),
(222, 1, '45.43315610', '10.98890290'),
(223, 1, '45.43407920', '10.98938980'),
(224, 1, '45.43435150', '10.98953420'),
(225, 1, '45.43502670', '10.98989260'),
(226, 1, '45.43511310', '10.98993840'),
(227, 1, '45.43513910', '10.98995220'),
(228, 1, '45.43529180', '10.99003320'),
(229, 1, '45.43622530', '10.99052860'),
(230, 1, '45.43671800', '10.99079010'),
(231, 1, '45.43681290', '10.99091760'),
(232, 1, '45.43694230', '10.99098250'),
(233, 1, '45.43696820', '10.99099480'),
(234, 1, '45.43699960', '10.99100970'),
(235, 1, '45.43712400', '10.99106890'),
(236, 1, '45.43729290', '10.99114650'),
(237, 1, '45.43735850', '10.99117640'),
(238, 1, '45.43784590', '10.99142680'),
(239, 1, '45.43810340', '10.99146470'),
(240, 1, '45.43810960', '10.99146770'),
(241, 1, '45.43811890', '10.99147230'),
(242, 1, '45.43830770', '10.99161590'),
(243, 1, '45.43838090', '10.99167710'),
(244, 1, '45.43834610', '10.99179830'),
(245, 1, '45.43825340', '10.99212750'),
(246, 1, '45.43810870', '10.99259930'),
(247, 1, '45.43803860', '10.99282370'),
(248, 1, '45.43799550', '10.99292600'),
(249, 1, '45.43787120', '10.99316890'),
(250, 1, '45.43771680', '10.99339400'),
(251, 1, '45.43761120', '10.99355390'),
(252, 1, '45.43750290', '10.99392390'),
(253, 1, '45.43747950', '10.99401090'),
(254, 1, '45.43745540', '10.99413210'),
(255, 1, '45.43740760', '10.99437580'),
(256, 1, '45.43740300', '10.99440130'),
(257, 1, '45.43739540', '10.99444330'),
(258, 1, '45.43732220', '10.99476540'),
(259, 1, '45.43730030', '10.99485640'),
(260, 1, '45.43727680', '10.99494970'),
(261, 1, '45.43725430', '10.99502180'),
(262, 1, '45.43721840', '10.99510810'),
(263, 1, '45.43718520', '10.99519490'),
(264, 1, '45.43711330', '10.99535870'),
(265, 1, '45.43718030', '10.99547620'),
(266, 1, '45.43719040', '10.99551130'),
(267, 1, '45.43720970', '10.99559250'),
(268, 1, '45.43725150', '10.99578690'),
(269, 1, '45.43736070', '10.99629650'),
(270, 1, '45.43740690', '10.99643720'),
(271, 1, '45.43756020', '10.99674340'),
(272, 1, '45.43774480', '10.99699170'),
(273, 1, '45.43789420', '10.99707060'),
(274, 1, '45.43802420', '10.99730560'),
(275, 1, '45.43822740', '10.99775710'),
(276, 1, '45.43826640', '10.99783420'),
(277, 1, '45.43848030', '10.99829100'),
(278, 1, '45.43850670', '10.99834080'),
(279, 1, '45.43870730', '10.99875690'),
(280, 1, '45.43890550', '10.99915030'),
(281, 1, '45.43904310', '10.99938970'),
(282, 1, '45.43913380', '10.99952890'),
(283, 1, '45.43923920', '10.99965050'),
(284, 1, '45.43928560', '10.99969850'),
(285, 1, '45.43950730', '11.00010070'),
(286, 1, '45.43955930', '11.00022800'),
(287, 1, '45.43956660', '11.00027790'),
(288, 1, '45.43957080', '11.00035140'),
(289, 1, '45.43955270', '11.00046100'),
(290, 1, '45.43953000', '11.00050790'),
(291, 1, '45.43949220', '11.00056880'),
(292, 1, '45.43933050', '11.00075470'),
(293, 1, '45.43928090', '11.00086140'),
(294, 1, '45.43927670', '11.00089810'),
(295, 1, '45.43915330', '11.00195790'),
(296, 1, '45.43914840', '11.00199920'),
(297, 1, '45.43914350', '11.00203980'),
(298, 1, '45.43912240', '11.00215280'),
(299, 1, '45.43911910', '11.00224180'),
(300, 1, '45.43911470', '11.00236060'),
(301, 1, '45.43911400', '11.00237960'),
(302, 1, '45.43910930', '11.00241890'),
(303, 1, '45.43908510', '11.00262110'),
(304, 1, '45.43907210', '11.00273010'),
(305, 1, '45.43904500', '11.00302330'),
(306, 1, '45.43902460', '11.00346100'),
(307, 1, '45.43903150', '11.00360430'),
(308, 1, '45.43904890', '11.00403070'),
(309, 1, '45.43905620', '11.00411700'),
(310, 1, '45.43906530', '11.00419490'),
(311, 1, '45.43933390', '11.00581420'),
(312, 1, '45.43933780', '11.00583750'),
(313, 1, '45.43936650', '11.00608860'),
(314, 1, '45.43952820', '11.00729130'),
(315, 1, '45.43957160', '11.00775530'),
(316, 1, '45.43957590', '11.00779340'),
(317, 1, '45.43960170', '11.00802080'),
(318, 1, '45.43962170', '11.00847040'),
(319, 1, '45.43963230', '11.00881740'),
(320, 1, '45.43963550', '11.00892070'),
(321, 1, '45.43966490', '11.00941090'),
(322, 1, '45.43968110', '11.00969150'),
(323, 1, '45.43970290', '11.00993610'),
(324, 1, '45.43981200', '11.01106880'),
(325, 1, '45.43981470', '11.01109270'),
(326, 1, '45.43983740', '11.01131540'),
(327, 1, '45.43997500', '11.01241300'),
(328, 1, '45.43996850', '11.01257890'),
(329, 1, '45.43995910', '11.01276930'),
(330, 1, '45.43992870', '11.01301130'),
(331, 1, '45.43992420', '11.01306070'),
(332, 1, '45.43993120', '11.01314630'),
(333, 1, '45.43993360', '11.01324220'),
(334, 1, '45.43992730', '11.01330800'),
(335, 1, '45.43981500', '11.01380220'),
(336, 1, '45.43971240', '11.01442770'),
(337, 1, '45.43971780', '11.01450500'),
(338, 1, '45.43977950', '11.01454570'),
(339, 1, '45.44026130', '11.01467350'),
(340, 1, '45.44027860', '11.01476660'),
(341, 1, '45.44033990', '11.01492260'),
(342, 1, '45.44034800', '11.01498320'),
(343, 1, '45.44035830', '11.01505100'),
(344, 1, '45.44036520', '11.01522140'),
(345, 1, '45.44038120', '11.01537230'),
(346, 1, '45.44041730', '11.01560130'),
(347, 1, '45.44045470', '11.01582420'),
(348, 1, '45.44048240', '11.01598950'),
(349, 1, '45.44050550', '11.01612700'),
(350, 1, '45.44065720', '11.01723070'),
(351, 1, '45.44068160', '11.01756740'),
(352, 1, '45.44070080', '11.01807920'),
(353, 1, '45.44071700', '11.01830440'),
(354, 1, '45.44071980', '11.01849250'),
(355, 1, '45.44072540', '11.01869940'),
(356, 1, '45.44071290', '11.01908370'),
(357, 1, '45.44063620', '11.02007120'),
(358, 1, '45.44056940', '11.02075610'),
(359, 1, '45.44056560', '11.02079520'),
(360, 1, '45.44054330', '11.02097280'),
(361, 1, '45.44056490', '11.02098390'),
(362, 1, '45.44058210', '11.02100570'),
(363, 1, '45.44059250', '11.02103500'),
(364, 1, '45.44059440', '11.02106770'),
(365, 1, '45.44058720', '11.02110050'),
(366, 1, '45.44057160', '11.02112680'),
(367, 1, '45.44055010', '11.02114240'),
(368, 1, '45.44052610', '11.02114480'),
(369, 1, '45.44050850', '11.02134810'),
(370, 1, '45.44046120', '11.02189330'),
(371, 1, '45.44036020', '11.02318920'),
(372, 1, '45.44021600', '11.02473870'),
(373, 1, '45.44020090', '11.02490470'),
(374, 1, '45.43999030', '11.02716560'),
(375, 1, '45.43996650', '11.02739990'),
(376, 1, '45.43985110', '11.02866040'),
(377, 1, '45.43980130', '11.02919460'),
(378, 1, '45.43976870', '11.02959330'),
(379, 1, '45.43973670', '11.02997680'),
(380, 1, '45.43967600', '11.03068780'),
(381, 1, '45.43965690', '11.03086530'),
(382, 1, '45.43961040', '11.03149830'),
(383, 1, '45.43953040', '11.03234050'),
(384, 1, '45.43951640', '11.03247560'),
(385, 1, '45.43950450', '11.03259000'),
(386, 1, '45.43939470', '11.03377300'),
(387, 1, '45.43937280', '11.03400890'),
(388, 1, '45.43936930', '11.03406210'),
(389, 1, '45.43936730', '11.03408890'),
(390, 1, '45.43936080', '11.03417340'),
(391, 1, '45.43932470', '11.03466720'),
(392, 1, '45.43931910', '11.03474410'),
(393, 1, '45.43931230', '11.03480330'),
(394, 1, '45.43923710', '11.03545490'),
(395, 1, '45.43921210', '11.03573320'),
(396, 1, '45.43918210', '11.03602890'),
(397, 1, '45.43914580', '11.03618220'),
(398, 1, '45.43913920', '11.03637120'),
(399, 1, '45.43915560', '11.03641270'),
(400, 1, '45.43915860', '11.03646020'),
(401, 1, '45.43914760', '11.03650530'),
(402, 1, '45.43912460', '11.03653990'),
(403, 1, '45.43912120', '11.03662650'),
(404, 1, '45.43911580', '11.03676170'),
(405, 1, '45.43906120', '11.03735830'),
(406, 1, '45.43896260', '11.03834930'),
(407, 1, '45.43892680', '11.03872340'),
(408, 1, '45.43886360', '11.03942130'),
(409, 1, '45.43871500', '11.04015900'),
(410, 1, '45.43854090', '11.04100640'),
(411, 1, '45.43845260', '11.04140020'),
(412, 1, '45.43803690', '11.04313470'),
(413, 1, '45.43805560', '11.04330070'),
(414, 1, '45.43809950', '11.04340220'),
(415, 1, '45.43811830', '11.04341850'),
(416, 1, '45.43813500', '11.04343910'),
(417, 1, '45.43815620', '11.04347920'),
(418, 1, '45.43816930', '11.04352590'),
(419, 1, '45.43817340', '11.04357580'),
(420, 1, '45.43816810', '11.04362550'),
(421, 1, '45.43815270', '11.04367430'),
(422, 1, '45.43812830', '11.04371500'),
(423, 1, '45.43809700', '11.04374450'),
(424, 1, '45.43806430', '11.04375950'),
(425, 1, '45.43802990', '11.04376220'),
(426, 1, '45.43799630', '11.04375230'),
(427, 1, '45.43796550', '11.04373050'),
(428, 1, '45.43794690', '11.04370900'),
(429, 1, '45.43793130', '11.04368310'),
(430, 1, '45.43791910', '11.04365370'),
(431, 1, '45.43767890', '11.04391260'),
(432, 1, '45.43746810', '11.04410950'),
(433, 1, '45.43588120', '11.04561100'),
(434, 1, '45.43538740', '11.04610320'),
(435, 1, '45.43530660', '11.04618820'),
(436, 1, '45.43517760', '11.04632600'),
(437, 1, '45.43512340', '11.04638480'),
(438, 1, '45.43468620', '11.04687450'),
(439, 1, '45.43451520', '11.04706600'),
(440, 1, '45.43448400', '11.04714500'),
(441, 1, '45.43442680', '11.04728960'),
(442, 1, '45.43436920', '11.04743530'),
(443, 1, '45.43431710', '11.04767550'),
(444, 1, '45.43406960', '11.04881700'),
(445, 1, '45.43402960', '11.04900160'),
(446, 1, '45.43398270', '11.04920550'),
(447, 1, '45.43385340', '11.04976730'),
(448, 1, '45.43367230', '11.05055430'),
(449, 1, '45.43344390', '11.05160770'),
(450, 1, '45.43326620', '11.05242420'),
(451, 1, '45.43305310', '11.05341180'),
(452, 1, '45.43303170', '11.05351090'),
(453, 1, '45.43278140', '11.05459140'),
(454, 1, '45.43268820', '11.05499350'),
(455, 1, '45.43254950', '11.05557170'),
(456, 1, '45.43244190', '11.05602060'),
(457, 1, '45.43242740', '11.05608110'),
(458, 1, '45.43240120', '11.05614500'),
(459, 1, '45.43238190', '11.05615830'),
(460, 1, '45.43236630', '11.05617500'),
(461, 1, '45.43233580', '11.05618990'),
(462, 1, '45.43229830', '11.05618610'),
(463, 1, '45.43222350', '11.05615940'),
(464, 1, '45.43219980', '11.05615090'),
(465, 1, '45.43211310', '11.05611180'),
(466, 1, '45.43163030', '11.05589420'),
(467, 1, '45.43150680', '11.05650570'),
(468, 1, '45.43126310', '11.05771190'),
(469, 1, '45.43122120', '11.05791960'),
(470, 1, '45.43119600', '11.05804010'),
(471, 1, '45.43096130', '11.05915100'),
(472, 1, '45.43092720', '11.05931230'),
(473, 1, '45.43088330', '11.05951760'),
(474, 1, '45.43079040', '11.05995240'),
(475, 1, '45.43074690', '11.06015600'),
(476, 1, '45.43088810', '11.06021360'),
(477, 1, '45.43129450', '11.06037900'),
(478, 1, '45.43142820', '11.06043350'),
(479, 1, '45.43155860', '11.05980170'),
(480, 1, '45.43159730', '11.05961440'),
(481, 1, '45.43175830', '11.05968370'),
(482, 1, '45.43187050', '11.05973210'),
(483, 1, '45.43193580', '11.05976770'),
(484, 1, '45.43206580', '11.05983860'),
(485, 1, '45.43232470', '11.05997980'),
(486, 1, '45.43242850', '11.06003640'),
(487, 1, '45.43302240', '11.06030070'),
(488, 1, '45.43358600', '11.06052430'),
(489, 1, '45.43362770', '11.06054080'),
(490, 1, '45.43376050', '11.06059160'),
(491, 1, '45.43385540', '11.06060360'),
(492, 1, '45.43395750', '11.06059330'),
(493, 1, '45.43408250', '11.06054370'),
(494, 1, '45.43417370', '11.06047870'),
(495, 1, '45.43426620', '11.06038970'),
(496, 1, '45.43434550', '11.06026300'),
(497, 1, '45.43441060', '11.06009840'),
(498, 1, '45.43461590', '11.05914650'),
(499, 1, '45.43462220', '11.05890610'),
(500, 1, '45.43461200', '11.05887900'),
(501, 1, '45.43460840', '11.05884860'),
(502, 1, '45.43461160', '11.05881820'),
(503, 1, '45.43462130', '11.05879070'),
(504, 1, '45.43463660', '11.05876900'),
(505, 1, '45.43465590', '11.05875520'),
(506, 1, '45.43475490', '11.05849770'),
(507, 1, '45.43498850', '11.05740060'),
(508, 1, '45.43506250', '11.05743520'),
(509, 1, '45.43519570', '11.05749750'),
(510, 1, '45.43548710', '11.05763250'),
(511, 1, '45.43571990', '11.05773660'),
(512, 1, '45.43582640', '11.05778420'),
(513, 1, '45.43597050', '11.05792640'),
(514, 1, '45.43605220', '11.05804680'),
(515, 1, '45.43610550', '11.05819890'),
(516, 1, '45.43611470', '11.05826180'),
(517, 1, '45.43612390', '11.05832530'),
(518, 1, '45.43613120', '11.05837550'),
(519, 1, '45.43613120', '11.05850100'),
(520, 1, '45.43610470', '11.05864590'),
(521, 1, '45.43606140', '11.05882110'),
(522, 1, '45.43602240', '11.05889390'),
(523, 1, '45.43599060', '11.05895340'),
(524, 1, '45.43592480', '11.05904600'),
(525, 1, '45.43583370', '11.05912820'),
(526, 1, '45.43574160', '11.05918800'),
(527, 1, '45.43569180', '11.05921000'),
(528, 1, '45.43565160', '11.05922770'),
(529, 1, '45.43553400', '11.05922960'),
(530, 1, '45.43541250', '11.05918380'),
(531, 1, '45.43539360', '11.05917500'),
(532, 1, '45.43488100', '11.05893590'),
(533, 1, '45.43474580', '11.05892130'),
(534, 1, '45.43472270', '11.05891880'),
(535, 1, '45.45665220', '10.94612480'),
(536, 1, '45.45657800', '10.94626410'),
(537, 1, '45.45653820', '10.94635550'),
(538, 1, '45.45651030', '10.94642440'),
(539, 1, '45.45653820', '10.94635550'),
(540, 1, '45.45657800', '10.94626410'),
(541, 1, '45.45665220', '10.94612480'),
(542, 1, '45.45580700', '10.94962190'),
(543, 1, '45.45586400', '10.94929900'),
(544, 1, '45.45589520', '10.94908830'),
(545, 1, '45.45602420', '10.94829140'),
(546, 1, '45.45604030', '10.94817930'),
(547, 1, '45.45611400', '10.94761790'),
(548, 1, '45.45615730', '10.94746390'),
(549, 1, '45.45644860', '10.94661160'),
(550, 1, '45.45651030', '10.94642440'),
(551, 1, '45.45645060', '10.94638900'),
(552, 1, '45.45617100', '10.94622340'),
(553, 1, '45.45600210', '10.94616080'),
(554, 1, '45.45594380', '10.94614210'),
(555, 1, '45.45583680', '10.94611040'),
(556, 1, '45.45570080', '10.94609530'),
(557, 1, '45.45546000', '10.94606520'),
(558, 1, '45.45527290', '10.94603860'),
(559, 1, '45.45518150', '10.94602670'),
(560, 1, '45.45496860', '10.94599850'),
(561, 1, '45.45476560', '10.94597360'),
(562, 1, '45.45465340', '10.94595520'),
(563, 1, '45.45451740', '10.94594590'),
(564, 1, '45.45441890', '10.94596600'),
(565, 1, '45.45433770', '10.94599180'),
(566, 1, '45.45426030', '10.94606350'),
(567, 1, '45.45418820', '10.94616040'),
(568, 1, '45.45414360', '10.94631720'),
(569, 1, '45.45410370', '10.94669200'),
(570, 1, '45.45405640', '10.94729310'),
(571, 1, '45.45404580', '10.94787910'),
(572, 1, '45.45404650', '10.94806230'),
(573, 1, '45.45404900', '10.94816790'),
(574, 1, '45.45405230', '10.94839740'),
(575, 1, '45.45407510', '10.94872890'),
(576, 1, '45.45410500', '10.94901590'),
(577, 1, '45.45412830', '10.94923890'),
(578, 1, '45.45416840', '10.94933080'),
(579, 1, '45.45423090', '10.94937530'),
(580, 1, '45.45427380', '10.94939010'),
(581, 1, '45.45461650', '10.94942210'),
(582, 1, '45.45478680', '10.94944520'),
(583, 1, '45.45496360', '10.94947120'),
(584, 1, '45.45534730', '10.94954020'),
(585, 1, '45.45565240', '10.94959440'),
(586, 1, '45.45580700', '10.94962190'),
(587, 2, '45.46524010', '11.06740400'),
(588, 2, '45.46527000', '11.06717000'),
(589, 2, '45.46538600', '11.06639110'),
(590, 2, '45.46542570', '11.06604350'),
(591, 2, '45.46544620', '11.06582150'),
(592, 2, '45.46545210', '11.06567080'),
(593, 2, '45.46544920', '11.06558070'),
(594, 2, '45.46542390', '11.06525800'),
(595, 2, '45.46541390', '11.06512640'),
(596, 2, '45.46536450', '11.06439900'),
(597, 2, '45.46535370', '11.06423850'),
(598, 2, '45.46532530', '11.06385600'),
(599, 2, '45.46530520', '11.06358510'),
(600, 2, '45.46526260', '11.06323540'),
(601, 2, '45.46526030', '11.06317940'),
(602, 2, '45.46510770', '11.06326930'),
(603, 2, '45.46500470', '11.06330900'),
(604, 2, '45.46478260', '11.06336330'),
(605, 2, '45.46470720', '11.06338500'),
(606, 2, '45.46446360', '11.06343240'),
(607, 2, '45.46430150', '11.06350490'),
(608, 2, '45.46410860', '11.06368620'),
(609, 2, '45.46394410', '11.06385150'),
(610, 2, '45.46379510', '11.06404510'),
(611, 2, '45.46375760', '11.06417380'),
(612, 2, '45.46372860', '11.06435680'),
(613, 2, '45.46368120', '11.06449470'),
(614, 2, '45.46361970', '11.06459230'),
(615, 2, '45.46347040', '11.06471120'),
(616, 2, '45.46323270', '11.06490410'),
(617, 2, '45.46310220', '11.06497710'),
(618, 2, '45.46282560', '11.06500050'),
(619, 2, '45.46263360', '11.06500060'),
(620, 2, '45.46247460', '11.06505130'),
(621, 2, '45.46230850', '11.06519100'),
(622, 2, '45.46207430', '11.06540150'),
(623, 2, '45.46190010', '11.06556070'),
(624, 2, '45.46181390', '11.06561830'),
(625, 2, '45.46144770', '11.06571550'),
(626, 2, '45.46110330', '11.06576370'),
(627, 2, '45.46105320', '11.06577230'),
(628, 2, '45.46103530', '11.06569700'),
(629, 2, '45.46098660', '11.06545800'),
(630, 2, '45.46095830', '11.06532210'),
(631, 2, '45.46089740', '11.06470000'),
(632, 2, '45.46088160', '11.06444950'),
(633, 2, '45.46084940', '11.06434500'),
(634, 2, '45.46080080', '11.06426380'),
(635, 2, '45.46076780', '11.06423510'),
(636, 2, '45.46071800', '11.06420520'),
(637, 2, '45.46064940', '11.06419990'),
(638, 2, '45.46017740', '11.06423660'),
(639, 2, '45.45984350', '11.06428280'),
(640, 2, '45.45957350', '11.06433230'),
(641, 2, '45.45920180', '11.06442000'),
(642, 2, '45.45916160', '11.06442920'),
(643, 2, '45.45910330', '11.06444710'),
(644, 2, '45.45891620', '11.06451520'),
(645, 2, '45.45881890', '11.06453200'),
(646, 2, '45.45878850', '11.06452260'),
(647, 2, '45.45877070', '11.06450000'),
(648, 2, '45.45873000', '11.06443700'),
(649, 2, '45.45867630', '11.06433570'),
(650, 2, '45.45854780', '11.06414410'),
(651, 2, '45.45833530', '11.06387650'),
(652, 2, '45.45816300', '11.06367920'),
(653, 2, '45.45807910', '11.06359550'),
(654, 2, '45.45802940', '11.06354600'),
(655, 2, '45.45782850', '11.06336000'),
(656, 2, '45.45765600', '11.06317640'),
(657, 2, '45.45761170', '11.06312920'),
(658, 2, '45.45743510', '11.06289640'),
(659, 2, '45.45717440', '11.06248390'),
(660, 2, '45.45715440', '11.06244470'),
(661, 2, '45.45711760', '11.06237250'),
(662, 2, '45.45688920', '11.06192490'),
(663, 2, '45.45660210', '11.06137770'),
(664, 2, '45.45643010', '11.06109060'),
(665, 2, '45.45593910', '11.06026820'),
(666, 2, '45.45584140', '11.06012090'),
(667, 2, '45.45576910', '11.06001200'),
(668, 2, '45.45574000', '11.05996370'),
(669, 2, '45.45545970', '11.05959850'),
(670, 2, '45.45535940', '11.05946910'),
(671, 2, '45.45534450', '11.05929450'),
(672, 2, '45.45535880', '11.05921830'),
(673, 2, '45.45542580', '11.05916440'),
(674, 2, '45.45547540', '11.05908380'),
(675, 2, '45.45549780', '11.05901580'),
(676, 2, '45.45550900', '11.05889420'),
(677, 2, '45.45548390', '11.05876410'),
(678, 2, '45.45544300', '11.05868440'),
(679, 2, '45.45538190', '11.05862220'),
(680, 2, '45.45533810', '11.05859930'),
(681, 2, '45.45524930', '11.05859270'),
(682, 2, '45.45517640', '11.05862660'),
(683, 2, '45.45510990', '11.05870200'),
(684, 2, '45.45507650', '11.05877560'),
(685, 2, '45.45498300', '11.05883130'),
(686, 2, '45.45488440', '11.05882530'),
(687, 2, '45.45479970', '11.05879360'),
(688, 2, '45.45474410', '11.05877580'),
(689, 2, '45.45463970', '11.05874770'),
(690, 2, '45.45451220', '11.05865510'),
(691, 2, '45.45439260', '11.05853760'),
(692, 2, '45.45414780', '11.05820760'),
(693, 2, '45.45396560', '11.05785370'),
(694, 2, '45.45380760', '11.05746880'),
(695, 2, '45.45350110', '11.05660580'),
(696, 2, '45.45335560', '11.05619480'),
(697, 2, '45.45325170', '11.05581630'),
(698, 2, '45.45315290', '11.05528880'),
(699, 2, '45.45285640', '11.05367050'),
(700, 2, '45.45262990', '11.05247260'),
(701, 2, '45.45251380', '11.05186500'),
(702, 2, '45.45243620', '11.05150780'),
(703, 2, '45.45239710', '11.05132790'),
(704, 2, '45.45224350', '11.05059760'),
(705, 2, '45.45214410', '11.05019160'),
(706, 2, '45.45204640', '11.04992770'),
(707, 2, '45.45202950', '11.04988210'),
(708, 2, '45.45191540', '11.04963460'),
(709, 2, '45.45189650', '11.04959490'),
(710, 2, '45.45177350', '11.04933660'),
(711, 2, '45.45162990', '11.04903510'),
(712, 2, '45.45154690', '11.04887450'),
(713, 2, '45.45150450', '11.04879250'),
(714, 2, '45.45137360', '11.04858140'),
(715, 2, '45.45126920', '11.04842720'),
(716, 2, '45.45100870', '11.04810730'),
(717, 2, '45.45091440', '11.04794910'),
(718, 2, '45.45084470', '11.04778200'),
(719, 2, '45.45071630', '11.04739130'),
(720, 2, '45.45059650', '11.04704880'),
(721, 2, '45.45054310', '11.04689610'),
(722, 2, '45.45039120', '11.04637100'),
(723, 2, '45.45028860', '11.04594390'),
(724, 2, '45.45019750', '11.04551970'),
(725, 2, '45.45006560', '11.04486180'),
(726, 2, '45.44988490', '11.04404690'),
(727, 2, '45.44979690', '11.04369740'),
(728, 2, '45.44951930', '11.04250900'),
(729, 2, '45.44913700', '11.04101750'),
(730, 2, '45.44865870', '11.03915170'),
(731, 2, '45.44834670', '11.03783730'),
(732, 2, '45.44820140', '11.03723820'),
(733, 2, '45.44814060', '11.03696630'),
(734, 2, '45.44781760', '11.03552160'),
(735, 2, '45.44762020', '11.03449750'),
(736, 2, '45.44759840', '11.03434770'),
(737, 2, '45.44730830', '11.03235520'),
(738, 2, '45.44730350', '11.03231380'),
(739, 2, '45.44729700', '11.03225710'),
(740, 2, '45.44724690', '11.03189130'),
(741, 2, '45.44722480', '11.03174560'),
(742, 2, '45.44719880', '11.03157410'),
(743, 2, '45.44709180', '11.03086940'),
(744, 2, '45.44697850', '11.03017720'),
(745, 2, '45.44693240', '11.02985180'),
(746, 2, '45.44680500', '11.02894760'),
(747, 2, '45.44666420', '11.02795960'),
(748, 2, '45.44664210', '11.02779940'),
(749, 2, '45.44659850', '11.02749800'),
(750, 2, '45.44656950', '11.02729590'),
(751, 2, '45.44646870', '11.02732340'),
(752, 2, '45.44635230', '11.02741170'),
(753, 2, '45.44544560', '11.02830550'),
(754, 2, '45.44499180', '11.02875650'),
(755, 2, '45.44447720', '11.02928020'),
(756, 2, '45.44390140', '11.02986600'),
(757, 2, '45.44320430', '11.03062900'),
(758, 2, '45.44205060', '11.03182240'),
(759, 2, '45.44196870', '11.03190720'),
(760, 2, '45.44144300', '11.03245600'),
(761, 2, '45.44134040', '11.03255720'),
(762, 2, '45.44121450', '11.03268650'),
(763, 2, '45.44062050', '11.03329710'),
(764, 2, '45.44056230', '11.03335610'),
(765, 2, '45.44025810', '11.03370210'),
(766, 2, '45.44019050', '11.03376480'),
(767, 2, '45.44015970', '11.03379200'),
(768, 2, '45.44012370', '11.03382380'),
(769, 2, '45.44006630', '11.03386810'),
(770, 2, '45.43999810', '11.03390940'),
(771, 2, '45.43994370', '11.03393510'),
(772, 2, '45.43991210', '11.03395010'),
(773, 2, '45.43981500', '11.03397940'),
(774, 2, '45.43973320', '11.03400080'),
(775, 2, '45.43964750', '11.03401290'),
(776, 2, '45.43951200', '11.03401690'),
(777, 2, '45.43948880', '11.03401560'),
(778, 2, '45.43937280', '11.03400890'),
(779, 2, '45.43939470', '11.03377300'),
(780, 2, '45.43950450', '11.03259000'),
(781, 2, '45.43951640', '11.03247560'),
(782, 2, '45.43953040', '11.03234050'),
(783, 2, '45.43961040', '11.03149830'),
(784, 2, '45.43965690', '11.03086530'),
(785, 2, '45.43967600', '11.03068780'),
(786, 2, '45.43973670', '11.02997680'),
(787, 2, '45.43976870', '11.02959330'),
(788, 2, '45.43980130', '11.02919460'),
(789, 2, '45.43985110', '11.02866040'),
(790, 2, '45.43996650', '11.02739990'),
(791, 2, '45.43999030', '11.02716560'),
(792, 2, '45.44020090', '11.02490470'),
(793, 2, '45.44021600', '11.02473870'),
(794, 2, '45.44036020', '11.02318920'),
(795, 2, '45.44046120', '11.02189330'),
(796, 2, '45.44050850', '11.02134810'),
(797, 2, '45.44052610', '11.02114480'),
(798, 2, '45.44055010', '11.02114240'),
(799, 2, '45.44057160', '11.02112680'),
(800, 2, '45.44058720', '11.02110050'),
(801, 2, '45.44059440', '11.02106770'),
(802, 2, '45.44059250', '11.02103500'),
(803, 2, '45.44058210', '11.02100570'),
(804, 2, '45.44056490', '11.02098390'),
(805, 2, '45.44054330', '11.02097280'),
(806, 2, '45.44056560', '11.02079520'),
(807, 2, '45.44056940', '11.02075610'),
(808, 2, '45.44063620', '11.02007120'),
(809, 2, '45.44071290', '11.01908370'),
(810, 2, '45.44072540', '11.01869940'),
(811, 2, '45.44071980', '11.01849250'),
(812, 2, '45.44071700', '11.01830440'),
(813, 2, '45.44070080', '11.01807920'),
(814, 2, '45.44068160', '11.01756740'),
(815, 2, '45.44065720', '11.01723070'),
(816, 2, '45.44050550', '11.01612700'),
(817, 2, '45.44048240', '11.01598950'),
(818, 2, '45.44045470', '11.01582420'),
(819, 2, '45.44041730', '11.01560130'),
(820, 2, '45.44038120', '11.01537230'),
(821, 2, '45.44036520', '11.01522140'),
(822, 2, '45.44035830', '11.01505100'),
(823, 2, '45.44034800', '11.01498320'),
(824, 2, '45.44033990', '11.01492260'),
(825, 2, '45.44027860', '11.01476660'),
(826, 2, '45.44026130', '11.01467350'),
(827, 2, '45.43977950', '11.01454570'),
(828, 2, '45.43971780', '11.01450500'),
(829, 2, '45.43971240', '11.01442770'),
(830, 2, '45.43981500', '11.01380220'),
(831, 2, '45.43992730', '11.01330800'),
(832, 2, '45.43993360', '11.01324220'),
(833, 2, '45.43993120', '11.01314630'),
(834, 2, '45.43992420', '11.01306070'),
(835, 2, '45.43992870', '11.01301130'),
(836, 2, '45.43995910', '11.01276930'),
(837, 2, '45.43996850', '11.01257890'),
(838, 2, '45.43997500', '11.01241300'),
(839, 2, '45.43983740', '11.01131540'),
(840, 2, '45.43981470', '11.01109270'),
(841, 2, '45.43981200', '11.01106880'),
(842, 2, '45.43970290', '11.00993610'),
(843, 2, '45.43968110', '11.00969150'),
(844, 2, '45.43966490', '11.00941090'),
(845, 2, '45.43963550', '11.00892070'),
(846, 2, '45.43963230', '11.00881740'),
(847, 2, '45.43962170', '11.00847040'),
(848, 2, '45.43960170', '11.00802080'),
(849, 2, '45.43957590', '11.00779340'),
(850, 2, '45.43957160', '11.00775530'),
(851, 2, '45.43952820', '11.00729130'),
(852, 2, '45.43936650', '11.00608860'),
(853, 2, '45.43933780', '11.00583750'),
(854, 2, '45.43933390', '11.00581420'),
(855, 2, '45.43906530', '11.00419490'),
(856, 2, '45.43905620', '11.00411700'),
(857, 2, '45.43904890', '11.00403070'),
(858, 2, '45.43903150', '11.00360430'),
(859, 2, '45.43902460', '11.00346100'),
(860, 2, '45.43904500', '11.00302330'),
(861, 2, '45.43907210', '11.00273010'),
(862, 2, '45.43908510', '11.00262110'),
(863, 2, '45.43910930', '11.00241890'),
(864, 2, '45.43911400', '11.00237960'),
(865, 2, '45.43911470', '11.00236060'),
(866, 2, '45.43911910', '11.00224180'),
(867, 2, '45.43912240', '11.00215280'),
(868, 2, '45.43914350', '11.00203980'),
(869, 2, '45.43914840', '11.00199920'),
(870, 2, '45.43915330', '11.00195790'),
(871, 2, '45.43927670', '11.00089810'),
(872, 2, '45.43928090', '11.00086140'),
(873, 2, '45.43933050', '11.00075470'),
(874, 2, '45.43949220', '11.00056880'),
(875, 2, '45.43953000', '11.00050790'),
(876, 2, '45.43955270', '11.00046100'),
(877, 2, '45.43957080', '11.00035140'),
(878, 2, '45.43956660', '11.00027790'),
(879, 2, '45.43955930', '11.00022800'),
(880, 2, '45.43950730', '11.00010070'),
(881, 2, '45.43928560', '10.99969850'),
(882, 2, '45.43923920', '10.99965050'),
(883, 2, '45.43913380', '10.99952890'),
(884, 2, '45.43904310', '10.99938970'),
(885, 2, '45.43890550', '10.99915030'),
(886, 2, '45.43870730', '10.99875690'),
(887, 2, '45.43850670', '10.99834080'),
(888, 2, '45.43848030', '10.99829100'),
(889, 2, '45.43826640', '10.99783420'),
(890, 2, '45.43822740', '10.99775710'),
(891, 2, '45.43802420', '10.99730560'),
(892, 2, '45.43789420', '10.99707060'),
(893, 2, '45.43774480', '10.99699170'),
(894, 2, '45.43756020', '10.99674340'),
(895, 2, '45.43740690', '10.99643720'),
(896, 2, '45.43736070', '10.99629650'),
(897, 2, '45.43725150', '10.99578690'),
(898, 2, '45.43720970', '10.99559250'),
(899, 2, '45.43719040', '10.99551130'),
(900, 2, '45.43718030', '10.99547620'),
(901, 2, '45.43711330', '10.99535870'),
(902, 2, '45.43718520', '10.99519490'),
(903, 2, '45.43721840', '10.99510810'),
(904, 2, '45.43725430', '10.99502180'),
(905, 2, '45.43727680', '10.99494970'),
(906, 2, '45.43730030', '10.99485640'),
(907, 2, '45.43732220', '10.99476540'),
(908, 2, '45.43739540', '10.99444330'),
(909, 2, '45.43740300', '10.99440130'),
(910, 2, '45.43740760', '10.99437580'),
(911, 2, '45.43745540', '10.99413210'),
(912, 2, '45.43747950', '10.99401090'),
(913, 2, '45.43750290', '10.99392390'),
(914, 2, '45.43761120', '10.99355390'),
(915, 2, '45.43771680', '10.99339400'),
(916, 2, '45.43787120', '10.99316890'),
(917, 2, '45.43799550', '10.99292600'),
(918, 2, '45.43803860', '10.99282370'),
(919, 2, '45.43810870', '10.99259930'),
(920, 2, '45.43825340', '10.99212750'),
(921, 2, '45.43834610', '10.99179830'),
(922, 2, '45.43838090', '10.99167710'),
(923, 2, '45.43830770', '10.99161590'),
(924, 2, '45.43811890', '10.99147230'),
(925, 2, '45.43810960', '10.99146770'),
(926, 2, '45.43810340', '10.99146470'),
(927, 2, '45.43784590', '10.99142680'),
(928, 2, '45.43735850', '10.99117640'),
(929, 2, '45.43729290', '10.99114650'),
(930, 2, '45.43712400', '10.99106890'),
(931, 2, '45.43699960', '10.99100970'),
(932, 2, '45.43696820', '10.99099480'),
(933, 2, '45.43694230', '10.99098250'),
(934, 2, '45.43681290', '10.99091760'),
(935, 2, '45.43671800', '10.99079010'),
(936, 2, '45.43622530', '10.99052860'),
(937, 2, '45.43529180', '10.99003320'),
(938, 2, '45.43513910', '10.98995220'),
(939, 2, '45.43511310', '10.98993840'),
(940, 2, '45.43502670', '10.98989260'),
(941, 2, '45.43435150', '10.98953420'),
(942, 2, '45.43407920', '10.98938980'),
(943, 2, '45.43315610', '10.98890290'),
(944, 2, '45.43311690', '10.98887910'),
(945, 2, '45.43216850', '10.98838130'),
(946, 2, '45.43211620', '10.98835390'),
(947, 2, '45.43181770', '10.98818960'),
(948, 2, '45.43179460', '10.98817340'),
(949, 2, '45.43176430', '10.98814910'),
(950, 2, '45.43168070', '10.98807320'),
(951, 2, '45.43165950', '10.98804630'),
(952, 2, '45.43161500', '10.98788840'),
(953, 2, '45.43160010', '10.98783690'),
(954, 2, '45.43158290', '10.98779820'),
(955, 2, '45.43154520', '10.98775080'),
(956, 2, '45.43151420', '10.98772890'),
(957, 2, '45.43137310', '10.98768310'),
(958, 2, '45.43125800', '10.98764890'),
(959, 2, '45.43121530', '10.98759790'),
(960, 2, '45.43115410', '10.98753630'),
(961, 2, '45.43100560', '10.98739360'),
(962, 2, '45.43082130', '10.98720820'),
(963, 2, '45.43072240', '10.98709790'),
(964, 2, '45.43063000', '10.98699200'),
(965, 2, '45.43054130', '10.98685760'),
(966, 2, '45.43049420', '10.98678550'),
(967, 2, '45.43045470', '10.98671110'),
(968, 2, '45.43041990', '10.98652730'),
(969, 2, '45.43032570', '10.98621110'),
(970, 2, '45.43020370', '10.98554870'),
(971, 2, '45.43015680', '10.98533230'),
(972, 2, '45.43011220', '10.98510630'),
(973, 2, '45.43004890', '10.98480120'),
(974, 2, '45.43004050', '10.98457320'),
(975, 2, '45.43008010', '10.98441000'),
(976, 2, '45.43011620', '10.98423540'),
(977, 2, '45.43019440', '10.98405730'),
(978, 2, '45.43023860', '10.98393550'),
(979, 2, '45.43033380', '10.98370340'),
(980, 2, '45.43062790', '10.98302420'),
(981, 2, '45.43067890', '10.98291260'),
(982, 2, '45.43070150', '10.98285930'),
(983, 2, '45.43073910', '10.98276760'),
(984, 2, '45.43087580', '10.98255180'),
(985, 2, '45.43093780', '10.98238210'),
(986, 2, '45.43096380', '10.98231060'),
(987, 2, '45.43105100', '10.98209650'),
(988, 2, '45.43116420', '10.98183660'),
(989, 2, '45.43123290', '10.98166130'),
(990, 2, '45.43127850', '10.98156460'),
(991, 2, '45.43119480', '10.98138430'),
(992, 2, '45.43113750', '10.98120260'),
(993, 2, '45.43106010', '10.98088120'),
(994, 2, '45.43102630', '10.98074090'),
(995, 2, '45.43098630', '10.98045990'),
(996, 2, '45.43097010', '10.98033750'),
(997, 2, '45.43095870', '10.98025140'),
(998, 2, '45.43093070', '10.98008100'),
(999, 2, '45.43090260', '10.97991070'),
(1000, 2, '45.43086930', '10.97957760'),
(1001, 2, '45.43079030', '10.97912150'),
(1002, 2, '45.43077140', '10.97899350'),
(1003, 2, '45.43076750', '10.97895460'),
(1004, 2, '45.43077380', '10.97865780'),
(1005, 2, '45.43077620', '10.97854600'),
(1006, 2, '45.43081350', '10.97805710'),
(1007, 2, '45.43098510', '10.97581010'),
(1008, 2, '45.43105060', '10.97499810'),
(1009, 2, '45.43106400', '10.97483110'),
(1010, 2, '45.43109160', '10.97452550'),
(1011, 2, '45.43113250', '10.97430920'),
(1012, 2, '45.43119110', '10.97410180'),
(1013, 2, '45.43127120', '10.97391120'),
(1014, 2, '45.43139730', '10.97370520'),
(1015, 2, '45.43155040', '10.97350040'),
(1016, 2, '45.43158170', '10.97345860'),
(1017, 2, '45.43167910', '10.97333720'),
(1018, 2, '45.43180430', '10.97319770'),
(1019, 2, '45.43183330', '10.97316300'),
(1020, 2, '45.43244990', '10.97242520'),
(1021, 2, '45.43264750', '10.97218840'),
(1022, 2, '45.43286430', '10.97192860'),
(1023, 2, '45.43313670', '10.97160260'),
(1024, 2, '45.43320400', '10.97152330'),
(1025, 2, '45.43330160', '10.97141310'),
(1026, 2, '45.43343030', '10.97129150'),
(1027, 2, '45.43355940', '10.97120410'),
(1028, 2, '45.43402420', '10.97090370'),
(1029, 2, '45.43408090', '10.97087740'),
(1030, 2, '45.43418540', '10.97085230'),
(1031, 2, '45.43429240', '10.97099970'),
(1032, 2, '45.43435390', '10.97105450'),
(1033, 2, '45.43452930', '10.97116490'),
(1034, 2, '45.43458320', '10.97112930'),
(1035, 2, '45.43577470', '10.97034130'),
(1036, 2, '45.43582660', '10.97030700'),
(1037, 2, '45.43598240', '10.97019900'),
(1038, 2, '45.43681250', '10.96965540'),
(1039, 2, '45.43692400', '10.96948900'),
(1040, 2, '45.43700300', '10.96941620'),
(1041, 2, '45.43704950', '10.96938080'),
(1042, 2, '45.43710440', '10.96934880'),
(1043, 2, '45.43718060', '10.96934640'),
(1044, 2, '45.43720140', '10.96936330'),
(1045, 2, '45.43722360', '10.96937600'),
(1046, 2, '45.43728950', '10.96938720'),
(1047, 2, '45.43735350', '10.96936230'),
(1048, 2, '45.43739080', '10.96932700'),
(1049, 2, '45.43742040', '10.96927920'),
(1050, 2, '45.43743950', '10.96922640'),
(1051, 2, '45.43744920', '10.96916850'),
(1052, 2, '45.43744890', '10.96910910'),
(1053, 2, '45.43743860', '10.96905140'),
(1054, 2, '45.43742380', '10.96900920'),
(1055, 2, '45.43740350', '10.96897170'),
(1056, 2, '45.43740890', '10.96884930'),
(1057, 2, '45.43742710', '10.96871840'),
(1058, 2, '45.43744670', '10.96856370'),
(1059, 2, '45.43744100', '10.96839220'),
(1060, 2, '45.43747360', '10.96819000'),
(1061, 2, '45.43753910', '10.96777350'),
(1062, 2, '45.43768310', '10.96695670'),
(1063, 2, '45.43770440', '10.96685030'),
(1064, 2, '45.43772750', '10.96676770'),
(1065, 2, '45.43777120', '10.96667630'),
(1066, 2, '45.43785050', '10.96663000'),
(1067, 2, '45.43822920', '10.96655760'),
(1068, 2, '45.43920350', '10.96638470'),
(1069, 2, '45.43961560', '10.96631420'),
(1070, 2, '45.43964040', '10.96631000'),
(1071, 2, '45.44034700', '10.96636310'),
(1072, 2, '45.44070820', '10.96639030'),
(1073, 2, '45.44077000', '10.96639360'),
(1074, 2, '45.44090850', '10.96639770'),
(1075, 2, '45.44091080', '10.96616260'),
(1076, 2, '45.44091170', '10.96607800'),
(1077, 2, '45.44091250', '10.96599170'),
(1078, 2, '45.44090700', '10.96553160'),
(1079, 2, '45.44089540', '10.96456070'),
(1080, 2, '45.44089260', '10.96432860'),
(1081, 2, '45.44089090', '10.96418830'),
(1082, 2, '45.44088290', '10.96377020'),
(1083, 2, '45.44086790', '10.96315010'),
(1084, 2, '45.44085730', '10.96294120'),
(1085, 2, '45.44084260', '10.96279250'),
(1086, 2, '45.44081320', '10.96248380'),
(1087, 2, '45.44078730', '10.96224430'),
(1088, 2, '45.44077550', '10.96214810'),
(1089, 2, '45.44074510', '10.96180090'),
(1090, 2, '45.44070760', '10.96140310'),
(1091, 2, '45.44068810', '10.96116620'),
(1092, 2, '45.44061550', '10.96045510'),
(1093, 2, '45.44059870', '10.96021750'),
(1094, 2, '45.44058410', '10.95998410'),
(1095, 2, '45.44057240', '10.95975150'),
(1096, 2, '45.44056590', '10.95953460'),
(1097, 2, '45.44055440', '10.95924130'),
(1098, 2, '45.44054380', '10.95896080'),
(1099, 2, '45.44053990', '10.95877650'),
(1100, 2, '45.44053090', '10.95857280'),
(1101, 2, '45.44052130', '10.95845900'),
(1102, 2, '45.44050680', '10.95834760'),
(1103, 2, '45.44043680', '10.95800810'),
(1104, 2, '45.44033850', '10.95767410'),
(1105, 2, '45.44021970', '10.95730120'),
(1106, 2, '45.44017490', '10.95716910'),
(1107, 2, '45.44003270', '10.95674530'),
(1108, 2, '45.43996850', '10.95654510'),
(1109, 2, '45.43983700', '10.95616270'),
(1110, 2, '45.43969870', '10.95574100'),
(1111, 2, '45.43965960', '10.95562290'),
(1112, 2, '45.43960880', '10.95547130'),
(1113, 2, '45.43955730', '10.95530770'),
(1114, 2, '45.43950860', '10.95513400'),
(1115, 2, '45.43947090', '10.95496840'),
(1116, 2, '45.43942620', '10.95474940'),
(1117, 2, '45.43936320', '10.95437830'),
(1118, 2, '45.43930490', '10.95400390'),
(1119, 2, '45.43923850', '10.95358160'),
(1120, 2, '45.43920820', '10.95338730'),
(1121, 2, '45.43918470', '10.95323180'),
(1122, 2, '45.43913220', '10.95286090'),
(1123, 2, '45.43911100', '10.95267850'),
(1124, 2, '45.43909380', '10.95249650'),
(1125, 2, '45.43908940', '10.95235790'),
(1126, 2, '45.43908950', '10.95221920'),
(1127, 2, '45.43909520', '10.95205450'),
(1128, 2, '45.43911050', '10.95188340'),
(1129, 2, '45.43914800', '10.95163930'),
(1130, 2, '45.43919640', '10.95140310'),
(1131, 2, '45.43921300', '10.95132490'),
(1132, 2, '45.43925640', '10.95114610'),
(1133, 2, '45.43939160', '10.95056220'),
(1134, 2, '45.43940770', '10.95047030'),
(1135, 2, '45.43941570', '10.95037550'),
(1136, 2, '45.43942150', '10.95026980'),
(1137, 2, '45.43942390', '10.95015790'),
(1138, 2, '45.43941850', '10.94999290'),
(1139, 2, '45.43940220', '10.94979160'),
(1140, 2, '45.43930450', '10.94865760'),
(1141, 2, '45.43928780', '10.94853450'),
(1142, 2, '45.43925880', '10.94837200'),
(1143, 2, '45.43924610', '10.94831700'),
(1144, 2, '45.43921920', '10.94822320'),
(1145, 2, '45.43922350', '10.94811560'),
(1146, 2, '45.43920650', '10.94784920'),
(1147, 2, '45.43918800', '10.94761790'),
(1148, 2, '45.43917940', '10.94752580'),
(1149, 2, '45.43917200', '10.94743200'),
(1150, 2, '45.43915960', '10.94729260'),
(1151, 2, '45.43914000', '10.94705770'),
(1152, 2, '45.43909790', '10.94657240'),
(1153, 2, '45.43902900', '10.94593440'),
(1154, 2, '45.43900650', '10.94568890'),
(1155, 2, '45.43895940', '10.94512060'),
(1156, 2, '45.43895060', '10.94500380'),
(1157, 2, '45.43894040', '10.94476510'),
(1158, 2, '45.43897010', '10.94395060'),
(1159, 2, '45.43897510', '10.94377650'),
(1160, 2, '45.43900380', '10.94280720'),
(1161, 2, '45.43902810', '10.94194240'),
(1162, 2, '45.43902020', '10.94187650'),
(1163, 2, '45.43900580', '10.94181370'),
(1164, 2, '45.43900060', '10.94176050'),
(1165, 2, '45.43900940', '10.94169940'),
(1166, 2, '45.43903950', '10.94161130'),
(1167, 2, '45.43904710', '10.94155670'),
(1168, 2, '45.43905310', '10.94142220'),
(1169, 2, '45.43904630', '10.94133490'),
(1170, 2, '45.43909450', '10.94130670'),
(1171, 2, '45.43919360', '10.94127700'),
(1172, 2, '45.43944740', '10.94119290'),
(1173, 2, '45.43992710', '10.94106490'),
(1174, 2, '45.44009050', '10.94102120'),
(1175, 2, '45.44013670', '10.94100890'),
(1176, 2, '45.44028190', '10.94097020'),
(1177, 2, '45.44032290', '10.94095920'),
(1178, 2, '45.44070540', '10.94085830'),
(1179, 2, '45.44095190', '10.94079320'),
(1180, 2, '45.44108710', '10.94075610'),
(1181, 2, '45.44123840', '10.94071190'),
(1182, 2, '45.44143670', '10.94065560'),
(1183, 2, '45.44150950', '10.94063500'),
(1184, 2, '45.44158840', '10.94061260'),
(1185, 2, '45.44184320', '10.94054030'),
(1186, 2, '45.44196930', '10.94050810'),
(1187, 2, '45.44199940', '10.94050790'),
(1188, 2, '45.44205360', '10.94052580'),
(1189, 2, '45.44209720', '10.94055820'),
(1190, 2, '45.44216250', '10.94059780'),
(1191, 2, '45.44218700', '10.94060380'),
(1192, 2, '45.44225810', '10.94060000'),
(1193, 2, '45.44272110', '10.94047240'),
(1194, 2, '45.44278870', '10.94045740'),
(1195, 2, '45.44283200', '10.94038220'),
(1196, 2, '45.44285090', '10.94060720'),
(1197, 2, '45.44286650', '10.94079670'),
(1198, 2, '45.44290640', '10.94122050'),
(1199, 2, '45.44291350', '10.94134550'),
(1200, 2, '45.44291110', '10.94143060'),
(1201, 2, '45.44290560', '10.94151320'),
(1202, 2, '45.44287870', '10.94196040'),
(1203, 2, '45.44287580', '10.94204120'),
(1204, 2, '45.44287630', '10.94212200'),
(1205, 2, '45.44288900', '10.94234330'),
(1206, 2, '45.44290890', '10.94269000'),
(1207, 2, '45.44293560', '10.94316940'),
(1208, 2, '45.44295320', '10.94340680'),
(1209, 2, '45.44296730', '10.94359320'),
(1210, 2, '45.44297120', '10.94363830'),
(1211, 2, '45.44298880', '10.94385120'),
(1212, 2, '45.44301590', '10.94431490'),
(1213, 2, '45.44304120', '10.94480110'),
(1214, 2, '45.44305640', '10.94510230'),
(1215, 2, '45.44305980', '10.94514950'),
(1216, 2, '45.44306730', '10.94528300'),
(1217, 2, '45.44308080', '10.94547630'),
(1218, 2, '45.44324050', '10.94549110'),
(1219, 2, '45.44333750', '10.94548280'),
(1220, 2, '45.44433450', '10.94538280'),
(1221, 2, '45.44504550', '10.94526750'),
(1222, 2, '45.44497650', '10.94437830'),
(1223, 2, '45.45071630', '11.04739130'),
(1224, 2, '45.45066360', '11.04745300'),
(1225, 2, '45.45041900', '11.04776420'),
(1226, 2, '45.45035880', '11.04779900'),
(1227, 2, '45.45041900', '11.04776420'),
(1228, 2, '45.45066360', '11.04745300'),
(1229, 2, '45.45071630', '11.04739130'),
(1230, 2, '45.45035880', '11.04779900'),
(1231, 2, '45.44695080', '11.04645300'),
(1232, 2, '45.45035880', '11.04779900'),
(1233, 2, '45.44695080', '11.04645300'),
(1234, 2, '45.44521550', '11.04576770'),
(1235, 2, '45.44493550', '11.04565920'),
(1236, 2, '45.44521550', '11.04576770'),
(1237, 2, '45.44695080', '11.04645300'),
(1238, 2, '45.44493550', '11.04565920'),
(1239, 2, '45.44456680', '11.04551290'),
(1240, 2, '45.44493550', '11.04565920'),
(1241, 2, '45.44456680', '11.04551290'),
(1242, 2, '45.44382270', '11.04521770'),
(1243, 2, '45.44456680', '11.04551290'),
(1244, 2, '45.44382270', '11.04521770'),
(1245, 2, '45.44297220', '11.04488020'),
(1246, 2, '45.44264160', '11.04474340'),
(1247, 2, '45.44249710', '11.04473480'),
(1248, 2, '45.44211770', '11.04477770'),
(1249, 2, '45.44181650', '11.04479490'),
(1250, 2, '45.44162830', '11.04474690'),
(1251, 2, '45.44028820', '11.04410510'),
(1252, 2, '45.44162830', '11.04474690'),
(1253, 2, '45.44181650', '11.04479490'),
(1254, 2, '45.44211770', '11.04477770'),
(1255, 2, '45.44249710', '11.04473480'),
(1256, 2, '45.44264160', '11.04474340'),
(1257, 2, '45.44297220', '11.04488020'),
(1258, 2, '45.44382270', '11.04521770'),
(1259, 2, '45.44022220', '11.04411080'),
(1260, 2, '45.44028820', '11.04410510'),
(1261, 2, '45.44023040', '11.04404580'),
(1262, 2, '45.44022340', '11.04402530'),
(1263, 2, '45.44021230', '11.04400890'),
(1264, 2, '45.44019370', '11.04399830'),
(1265, 2, '45.44017080', '11.04399590'),
(1266, 2, '45.44015710', '11.04400320'),
(1267, 2, '45.44014540', '11.04401580'),
(1268, 2, '45.44013670', '11.04403250'),
(1269, 2, '45.44013120', '11.04405650'),
(1270, 2, '45.44013170', '11.04408170'),
(1271, 2, '45.44013820', '11.04410500'),
(1272, 2, '45.44014990', '11.04412380'),
(1273, 2, '45.44017110', '11.04413620'),
(1274, 2, '45.44019650', '11.04413640'),
(1275, 2, '45.44021080', '11.04412650'),
(1276, 2, '45.44022220', '11.04411080'),
(1277, 2, '45.46526030', '11.06317940'),
(1278, 2, '45.46526260', '11.06323540'),
(1279, 2, '45.46530520', '11.06358510'),
(1280, 2, '45.46532530', '11.06385600'),
(1281, 2, '45.46535370', '11.06423850'),
(1282, 2, '45.46536450', '11.06439900'),
(1283, 2, '45.46541390', '11.06512640'),
(1284, 2, '45.46542390', '11.06525800'),
(1285, 2, '45.46544920', '11.06558070'),
(1286, 2, '45.46545210', '11.06567080'),
(1287, 2, '45.46544620', '11.06582150'),
(1288, 2, '45.46542570', '11.06604350'),
(1289, 2, '45.46538600', '11.06639110'),
(1290, 2, '45.46527000', '11.06717000'),
(1291, 2, '45.46524010', '11.06740400'),
(1292, 2, '45.46518240', '11.06739630'),
(1293, 2, '45.46496680', '11.06735220'),
(1294, 2, '45.46463810', '11.06728120'),
(1295, 2, '45.46450790', '11.06725450'),
(1296, 2, '45.46432460', '11.06724510'),
(1297, 2, '45.46416260', '11.06728120'),
(1298, 2, '45.46394730', '11.06734600'),
(1299, 2, '45.46375320', '11.06743570'),
(1300, 2, '45.46336800', '11.06764170'),
(1301, 2, '45.46307160', '11.06782210'),
(1302, 2, '45.46286850', '11.06789630'),
(1303, 2, '45.46278520', '11.06788490'),
(1304, 2, '45.46271180', '11.06783910'),
(1305, 2, '45.46266360', '11.06772530'),
(1306, 2, '45.46256410', '11.06722250'),
(1307, 2, '45.46246390', '11.06677130'),
(1308, 2, '45.46233440', '11.06638570');
INSERT INTO `bus_paths` (`id`, `bus_number_id`, `latitude`, `longitude`) VALUES
(1309, 2, '45.46230760', '11.06633890'),
(1310, 2, '45.46225510', '11.06629690'),
(1311, 2, '45.46213040', '11.06632370'),
(1312, 2, '45.46171250', '11.06640580'),
(1313, 2, '45.46156020', '11.06642820'),
(1314, 2, '45.46133590', '11.06643640'),
(1315, 2, '45.46122190', '11.06640200'),
(1316, 2, '45.46113250', '11.06634330'),
(1317, 2, '45.46108740', '11.06628210'),
(1318, 2, '45.46107150', '11.06617880'),
(1319, 2, '45.46107570', '11.06593190'),
(1320, 2, '45.46105320', '11.06577230'),
(1321, 2, '45.46103530', '11.06569700'),
(1322, 2, '45.46098660', '11.06545800'),
(1323, 2, '45.46095830', '11.06532210'),
(1324, 2, '45.46089740', '11.06470000'),
(1325, 2, '45.46088160', '11.06444950'),
(1326, 2, '45.46084940', '11.06434500'),
(1327, 2, '45.46080080', '11.06426380'),
(1328, 2, '45.46076780', '11.06423510'),
(1329, 2, '45.46071800', '11.06420520'),
(1330, 2, '45.46064940', '11.06419990'),
(1331, 2, '45.46017740', '11.06423660'),
(1332, 2, '45.45984350', '11.06428280'),
(1333, 2, '45.45957350', '11.06433230'),
(1334, 2, '45.45920180', '11.06442000'),
(1335, 2, '45.45916160', '11.06442920'),
(1336, 2, '45.45910330', '11.06444710'),
(1337, 2, '45.45891620', '11.06451520'),
(1338, 2, '45.45881890', '11.06453200'),
(1339, 2, '45.45878850', '11.06452260'),
(1340, 2, '45.45877070', '11.06450000'),
(1341, 2, '45.45873000', '11.06443700'),
(1342, 2, '45.45867630', '11.06433570'),
(1343, 2, '45.45854780', '11.06414410'),
(1344, 2, '45.45833530', '11.06387650'),
(1345, 2, '45.45816300', '11.06367920'),
(1346, 2, '45.45807910', '11.06359550'),
(1347, 2, '45.45802940', '11.06354600'),
(1348, 2, '45.45782850', '11.06336000'),
(1349, 2, '45.45765600', '11.06317640'),
(1350, 2, '45.45761170', '11.06312920'),
(1351, 2, '45.45743510', '11.06289640'),
(1352, 2, '45.45717440', '11.06248390'),
(1353, 2, '45.45715440', '11.06244470'),
(1354, 2, '45.45711760', '11.06237250'),
(1355, 2, '45.45688920', '11.06192490'),
(1356, 2, '45.45660210', '11.06137770'),
(1357, 2, '45.45643010', '11.06109060'),
(1358, 2, '45.45593910', '11.06026820'),
(1359, 2, '45.45584140', '11.06012090'),
(1360, 2, '45.45576910', '11.06001200'),
(1361, 2, '45.45574000', '11.05996370'),
(1362, 2, '45.45545970', '11.05959850'),
(1363, 2, '45.45535940', '11.05946910'),
(1364, 2, '45.45522960', '11.05931300'),
(1365, 2, '45.45515120', '11.05917800'),
(1366, 2, '45.45511090', '11.05912600'),
(1367, 2, '45.45508650', '11.05907780'),
(1368, 2, '45.45496470', '11.05898350'),
(1369, 2, '45.45475010', '11.05884060'),
(1370, 2, '45.45463970', '11.05874770'),
(1371, 2, '45.45451220', '11.05865510'),
(1372, 2, '45.45439260', '11.05853760'),
(1373, 2, '45.45414780', '11.05820760'),
(1374, 2, '45.45396560', '11.05785370'),
(1375, 2, '45.45380760', '11.05746880'),
(1376, 2, '45.45350110', '11.05660580'),
(1377, 2, '45.45335560', '11.05619480'),
(1378, 2, '45.45325170', '11.05581630'),
(1379, 2, '45.45315290', '11.05528880'),
(1380, 2, '45.45285640', '11.05367050'),
(1381, 2, '45.45262990', '11.05247260'),
(1382, 2, '45.45251380', '11.05186500'),
(1383, 2, '45.45243620', '11.05150780'),
(1384, 2, '45.45239710', '11.05132790'),
(1385, 2, '45.45224350', '11.05059760'),
(1386, 2, '45.45214410', '11.05019160'),
(1387, 2, '45.45204640', '11.04992770'),
(1388, 2, '45.45202950', '11.04988210'),
(1389, 2, '45.45191540', '11.04963460'),
(1390, 2, '45.45189650', '11.04959490'),
(1391, 2, '45.45177350', '11.04933660'),
(1392, 2, '45.45162990', '11.04903510'),
(1393, 2, '45.45154690', '11.04887450'),
(1394, 2, '45.45150450', '11.04879250'),
(1395, 2, '45.45137360', '11.04858140'),
(1396, 2, '45.45126920', '11.04842720'),
(1397, 2, '45.45100870', '11.04810730'),
(1398, 2, '45.45091440', '11.04794910'),
(1399, 2, '45.45084470', '11.04778200'),
(1400, 2, '45.45071630', '11.04739130'),
(1401, 2, '45.45059650', '11.04704880'),
(1402, 2, '45.45054310', '11.04689610'),
(1403, 2, '45.45039120', '11.04637100'),
(1404, 2, '45.45028860', '11.04594390'),
(1405, 2, '45.45019750', '11.04551970'),
(1406, 2, '45.45006560', '11.04486180'),
(1407, 2, '45.44988490', '11.04404690'),
(1408, 2, '45.44979690', '11.04369740'),
(1409, 2, '45.44951930', '11.04250900'),
(1410, 2, '45.44913700', '11.04101750'),
(1411, 2, '45.44865870', '11.03915170'),
(1412, 2, '45.44834670', '11.03783730'),
(1413, 2, '45.44820140', '11.03723820'),
(1414, 2, '45.44814060', '11.03696630'),
(1415, 2, '45.44781760', '11.03552160'),
(1416, 2, '45.44762020', '11.03449750'),
(1417, 2, '45.44759840', '11.03434770'),
(1418, 2, '45.44730830', '11.03235520'),
(1419, 2, '45.44730350', '11.03231380'),
(1420, 2, '45.44729700', '11.03225710'),
(1421, 2, '45.44724690', '11.03189130'),
(1422, 2, '45.44722480', '11.03174560'),
(1423, 2, '45.44719880', '11.03157410'),
(1424, 2, '45.44709180', '11.03086940'),
(1425, 2, '45.44697850', '11.03017720'),
(1426, 2, '45.44693240', '11.02985180'),
(1427, 2, '45.44680500', '11.02894760'),
(1428, 2, '45.44666420', '11.02795960'),
(1429, 2, '45.44664210', '11.02779940'),
(1430, 2, '45.44659850', '11.02749800'),
(1431, 2, '45.44656950', '11.02729590'),
(1432, 2, '45.44646870', '11.02732340'),
(1433, 2, '45.44635230', '11.02741170'),
(1434, 2, '45.44544560', '11.02830550'),
(1435, 2, '45.44499180', '11.02875650'),
(1436, 2, '45.44447720', '11.02928020'),
(1437, 2, '45.44390140', '11.02986600'),
(1438, 2, '45.44320430', '11.03062900'),
(1439, 2, '45.44205060', '11.03182240'),
(1440, 2, '45.44196870', '11.03190720'),
(1441, 2, '45.44144300', '11.03245600'),
(1442, 2, '45.44134040', '11.03255720'),
(1443, 2, '45.44121450', '11.03268650'),
(1444, 2, '45.44062050', '11.03329710'),
(1445, 2, '45.44056230', '11.03335610'),
(1446, 2, '45.44025810', '11.03370210'),
(1447, 2, '45.44019050', '11.03376480'),
(1448, 2, '45.44015970', '11.03379200'),
(1449, 2, '45.44012370', '11.03382380'),
(1450, 2, '45.44006630', '11.03386810'),
(1451, 2, '45.43999810', '11.03390940'),
(1452, 2, '45.43994370', '11.03393510'),
(1453, 2, '45.43991210', '11.03395010'),
(1454, 2, '45.43981500', '11.03397940'),
(1455, 2, '45.43973320', '11.03400080'),
(1456, 2, '45.43964750', '11.03401290'),
(1457, 2, '45.43951200', '11.03401690'),
(1458, 2, '45.43948880', '11.03401560'),
(1459, 2, '45.43937280', '11.03400890'),
(1460, 2, '45.43939470', '11.03377300'),
(1461, 2, '45.43950450', '11.03259000'),
(1462, 2, '45.43951640', '11.03247560'),
(1463, 2, '45.43953040', '11.03234050'),
(1464, 2, '45.43961040', '11.03149830'),
(1465, 2, '45.43965690', '11.03086530'),
(1466, 2, '45.43967600', '11.03068780'),
(1467, 2, '45.43973670', '11.02997680'),
(1468, 2, '45.43971260', '11.02965480'),
(1469, 2, '45.43970250', '11.02951870'),
(1470, 2, '45.43969990', '11.02948420'),
(1471, 2, '45.43967770', '11.02918800'),
(1472, 2, '45.43966530', '11.02846980'),
(1473, 2, '45.43966370', '11.02799370'),
(1474, 2, '45.43966160', '11.02738520'),
(1475, 2, '45.43963970', '11.02636410'),
(1476, 2, '45.43961190', '11.02545500'),
(1477, 2, '45.43958420', '11.02503030'),
(1478, 2, '45.43955800', '11.02473550'),
(1479, 2, '45.43948000', '11.02438240'),
(1480, 2, '45.43945560', '11.02425370'),
(1481, 2, '45.43945460', '11.02410080'),
(1482, 2, '45.43968580', '11.02292610'),
(1483, 2, '45.43987150', '11.02188530'),
(1484, 2, '45.43995620', '11.02139180'),
(1485, 2, '45.44002810', '11.02089840'),
(1486, 2, '45.44004150', '11.02082230'),
(1487, 2, '45.44007380', '11.02060360'),
(1488, 2, '45.44019430', '11.01997840'),
(1489, 2, '45.44056020', '11.01904190'),
(1490, 2, '45.44064070', '11.01877700'),
(1491, 2, '45.44069010', '11.01860300'),
(1492, 2, '45.44071980', '11.01849250'),
(1493, 2, '45.44071700', '11.01830440'),
(1494, 2, '45.44070080', '11.01807920'),
(1495, 2, '45.44068160', '11.01756740'),
(1496, 2, '45.44065720', '11.01723070'),
(1497, 2, '45.44050550', '11.01612700'),
(1498, 2, '45.44048240', '11.01598950'),
(1499, 2, '45.44045470', '11.01582420'),
(1500, 2, '45.44041730', '11.01560130'),
(1501, 2, '45.44020020', '11.01557360'),
(1502, 2, '45.43970770', '11.01535460'),
(1503, 2, '45.43969090', '11.01534970'),
(1504, 2, '45.43958980', '11.01530080'),
(1505, 2, '45.43950290', '11.01525360'),
(1506, 2, '45.43943770', '11.01512410'),
(1507, 2, '45.43930740', '11.01506280'),
(1508, 2, '45.43924470', '11.01503950'),
(1509, 2, '45.43926180', '11.01489510'),
(1510, 2, '45.43926580', '11.01487550'),
(1511, 2, '45.43928550', '11.01477640'),
(1512, 2, '45.43930500', '11.01467810'),
(1513, 2, '45.43933250', '11.01453490'),
(1514, 2, '45.43937130', '11.01437760'),
(1515, 2, '45.43954630', '11.01444020'),
(1516, 2, '45.43956970', '11.01444370'),
(1517, 2, '45.43959900', '11.01442450'),
(1518, 2, '45.43961790', '11.01439320'),
(1519, 2, '45.43975350', '11.01377220'),
(1520, 2, '45.43988170', '11.01327210'),
(1521, 2, '45.43993120', '11.01314630'),
(1522, 2, '45.43992420', '11.01306070'),
(1523, 2, '45.43992870', '11.01301130'),
(1524, 2, '45.43995910', '11.01276930'),
(1525, 2, '45.43996850', '11.01257890'),
(1526, 2, '45.43997500', '11.01241300'),
(1527, 2, '45.43983740', '11.01131540'),
(1528, 2, '45.43981470', '11.01109270'),
(1529, 2, '45.43981200', '11.01106880'),
(1530, 2, '45.43970290', '11.00993610'),
(1531, 2, '45.43968110', '11.00969150'),
(1532, 2, '45.43966490', '11.00941090'),
(1533, 2, '45.43963550', '11.00892070'),
(1534, 2, '45.43963230', '11.00881740'),
(1535, 2, '45.43962170', '11.00847040'),
(1536, 2, '45.43960170', '11.00802080'),
(1537, 2, '45.43957590', '11.00779340'),
(1538, 2, '45.43957160', '11.00775530'),
(1539, 2, '45.43952820', '11.00729130'),
(1540, 2, '45.43936650', '11.00608860'),
(1541, 2, '45.43933780', '11.00583750'),
(1542, 2, '45.43933390', '11.00581420'),
(1543, 2, '45.43906530', '11.00419490'),
(1544, 2, '45.43905620', '11.00411700'),
(1545, 2, '45.43904890', '11.00403070'),
(1546, 2, '45.43903150', '11.00360430'),
(1547, 2, '45.43902460', '11.00346100'),
(1548, 2, '45.43904500', '11.00302330'),
(1549, 2, '45.43907210', '11.00273010'),
(1550, 2, '45.43908510', '11.00262110'),
(1551, 2, '45.43910930', '11.00241890'),
(1552, 2, '45.43911400', '11.00237960'),
(1553, 2, '45.43911470', '11.00236060'),
(1554, 2, '45.43911910', '11.00224180'),
(1555, 2, '45.43912240', '11.00215280'),
(1556, 2, '45.43914350', '11.00203980'),
(1557, 2, '45.43914840', '11.00199920'),
(1558, 2, '45.43915330', '11.00195790'),
(1559, 2, '45.43927670', '11.00089810'),
(1560, 2, '45.43928090', '11.00086140'),
(1561, 2, '45.43933050', '11.00075470'),
(1562, 2, '45.43949220', '11.00056880'),
(1563, 2, '45.43953000', '11.00050790'),
(1564, 2, '45.43955270', '11.00046100'),
(1565, 2, '45.43957080', '11.00035140'),
(1566, 2, '45.43956660', '11.00027790'),
(1567, 2, '45.43955930', '11.00022800'),
(1568, 2, '45.43950730', '11.00010070'),
(1569, 2, '45.43928560', '10.99969850'),
(1570, 2, '45.43923920', '10.99965050'),
(1571, 2, '45.43913380', '10.99952890'),
(1572, 2, '45.43904310', '10.99938970'),
(1573, 2, '45.43890550', '10.99915030'),
(1574, 2, '45.43870730', '10.99875690'),
(1575, 2, '45.43850670', '10.99834080'),
(1576, 2, '45.43848030', '10.99829100'),
(1577, 2, '45.43826640', '10.99783420'),
(1578, 2, '45.43822740', '10.99775710'),
(1579, 2, '45.43802420', '10.99730560'),
(1580, 2, '45.43789420', '10.99707060'),
(1581, 2, '45.43774480', '10.99699170'),
(1582, 2, '45.43756020', '10.99674340'),
(1583, 2, '45.43740690', '10.99643720'),
(1584, 2, '45.43736070', '10.99629650'),
(1585, 2, '45.43725150', '10.99578690'),
(1586, 2, '45.43720970', '10.99559250'),
(1587, 2, '45.43719040', '10.99551130'),
(1588, 2, '45.43718030', '10.99547620'),
(1589, 2, '45.43711330', '10.99535870'),
(1590, 2, '45.43718520', '10.99519490'),
(1591, 2, '45.43721840', '10.99510810'),
(1592, 2, '45.43725430', '10.99502180'),
(1593, 2, '45.43727680', '10.99494970'),
(1594, 2, '45.43730030', '10.99485640'),
(1595, 2, '45.43732220', '10.99476540'),
(1596, 2, '45.43739540', '10.99444330'),
(1597, 2, '45.43740300', '10.99440130'),
(1598, 2, '45.43740760', '10.99437580'),
(1599, 2, '45.43745540', '10.99413210'),
(1600, 2, '45.43747950', '10.99401090'),
(1601, 2, '45.43750290', '10.99392390'),
(1602, 2, '45.43761120', '10.99355390'),
(1603, 2, '45.43771680', '10.99339400'),
(1604, 2, '45.43787120', '10.99316890'),
(1605, 2, '45.43799550', '10.99292600'),
(1606, 2, '45.43803860', '10.99282370'),
(1607, 2, '45.43810870', '10.99259930'),
(1608, 2, '45.43825340', '10.99212750'),
(1609, 2, '45.43834610', '10.99179830'),
(1610, 2, '45.43838090', '10.99167710'),
(1611, 2, '45.43830770', '10.99161590'),
(1612, 2, '45.43808690', '10.99159700'),
(1613, 2, '45.43807800', '10.99159380'),
(1614, 2, '45.43807070', '10.99159110'),
(1615, 2, '45.43784590', '10.99142680'),
(1616, 2, '45.43735850', '10.99117640'),
(1617, 2, '45.43729290', '10.99114650'),
(1618, 2, '45.43712400', '10.99106890'),
(1619, 2, '45.43699960', '10.99100970'),
(1620, 2, '45.43696820', '10.99099480'),
(1621, 2, '45.43694230', '10.99098250'),
(1622, 2, '45.43681290', '10.99091760'),
(1623, 2, '45.43684960', '10.99079770'),
(1624, 2, '45.43686300', '10.99074390'),
(1625, 2, '45.43686530', '10.99069070'),
(1626, 2, '45.43685920', '10.99064580'),
(1627, 2, '45.43685150', '10.99058880'),
(1628, 2, '45.43681160', '10.99052580'),
(1629, 2, '45.43659300', '10.99026310'),
(1630, 2, '45.43637290', '10.99002180'),
(1631, 2, '45.43596480', '10.98952320'),
(1632, 2, '45.43592050', '10.98946910'),
(1633, 2, '45.43571900', '10.98922480'),
(1634, 2, '45.43554760', '10.98901220'),
(1635, 2, '45.43525360', '10.98858110'),
(1636, 2, '45.43506950', '10.98817710'),
(1637, 2, '45.43502610', '10.98808180'),
(1638, 2, '45.43499680', '10.98799780'),
(1639, 2, '45.43489370', '10.98761570'),
(1640, 2, '45.43480820', '10.98763030'),
(1641, 2, '45.43462580', '10.98766160'),
(1642, 2, '45.43457070', '10.98733030'),
(1643, 2, '45.43452860', '10.98723130'),
(1644, 2, '45.43443670', '10.98701500'),
(1645, 2, '45.43403530', '10.98613580'),
(1646, 2, '45.43396740', '10.98598720'),
(1647, 2, '45.43369140', '10.98566620'),
(1648, 2, '45.43361470', '10.98557700'),
(1649, 2, '45.43350000', '10.98542370'),
(1650, 2, '45.43343750', '10.98525550'),
(1651, 2, '45.43326840', '10.98475330'),
(1652, 2, '45.43321380', '10.98461170'),
(1653, 2, '45.43287360', '10.98431320'),
(1654, 2, '45.43282290', '10.98426870'),
(1655, 2, '45.43275640', '10.98420630'),
(1656, 2, '45.43270140', '10.98415350'),
(1657, 2, '45.43265150', '10.98410790'),
(1658, 2, '45.43239510', '10.98387360'),
(1659, 2, '45.43221420', '10.98371400'),
(1660, 2, '45.43212010', '10.98363320'),
(1661, 2, '45.43195670', '10.98349510'),
(1662, 2, '45.43186180', '10.98341870'),
(1663, 2, '45.43154740', '10.98315060'),
(1664, 2, '45.43151420', '10.98312060'),
(1665, 2, '45.43139700', '10.98301250'),
(1666, 2, '45.43131060', '10.98293290'),
(1667, 2, '45.43123530', '10.98286530'),
(1668, 2, '45.43120760', '10.98284040'),
(1669, 2, '45.43115550', '10.98279380'),
(1670, 2, '45.43104240', '10.98269060'),
(1671, 2, '45.43103240', '10.98268150'),
(1672, 2, '45.43094170', '10.98260210'),
(1673, 2, '45.43087580', '10.98255180'),
(1674, 2, '45.43080500', '10.98281760'),
(1675, 2, '45.43077310', '10.98288670'),
(1676, 2, '45.43044780', '10.98365970'),
(1677, 2, '45.43040240', '10.98376370'),
(1678, 2, '45.43017570', '10.98428470'),
(1679, 2, '45.43008010', '10.98441000'),
(1680, 2, '45.42997540', '10.98442140'),
(1681, 2, '45.42984110', '10.98434100'),
(1682, 2, '45.42977670', '10.98399610'),
(1683, 2, '45.42962630', '10.98317790'),
(1684, 2, '45.42957250', '10.98287610'),
(1685, 2, '45.42957440', '10.98280060'),
(1686, 2, '45.42958020', '10.98274930'),
(1687, 2, '45.42959620', '10.98271470'),
(1688, 2, '45.42961750', '10.98267840'),
(1689, 2, '45.42966100', '10.98264060'),
(1690, 2, '45.42970600', '10.98260740'),
(1691, 2, '45.43018270', '10.98241800'),
(1692, 2, '45.43031440', '10.98236570'),
(1693, 2, '45.43058850', '10.98225260'),
(1694, 2, '45.43086960', '10.98213970'),
(1695, 2, '45.43098580', '10.98209300'),
(1696, 2, '45.43105100', '10.98209650'),
(1697, 2, '45.43116420', '10.98183660'),
(1698, 2, '45.43123290', '10.98166130'),
(1699, 2, '45.43127850', '10.98156460'),
(1700, 2, '45.43119480', '10.98138430'),
(1701, 2, '45.43113750', '10.98120260'),
(1702, 2, '45.43106010', '10.98088120'),
(1703, 2, '45.43102630', '10.98074090'),
(1704, 2, '45.43098630', '10.98045990'),
(1705, 2, '45.43097010', '10.98033750'),
(1706, 2, '45.43095870', '10.98025140'),
(1707, 2, '45.43093070', '10.98008100'),
(1708, 2, '45.43090260', '10.97991070'),
(1709, 2, '45.43086930', '10.97957760'),
(1710, 2, '45.43079030', '10.97912150'),
(1711, 2, '45.43077140', '10.97899350'),
(1712, 2, '45.43076750', '10.97895460'),
(1713, 2, '45.43077380', '10.97865780'),
(1714, 2, '45.43077620', '10.97854600'),
(1715, 2, '45.43081350', '10.97805710'),
(1716, 2, '45.43098510', '10.97581010'),
(1717, 2, '45.43105060', '10.97499810'),
(1718, 2, '45.43106400', '10.97483110'),
(1719, 2, '45.43109160', '10.97452550'),
(1720, 2, '45.43113250', '10.97430920'),
(1721, 2, '45.43119110', '10.97410180'),
(1722, 2, '45.43127120', '10.97391120'),
(1723, 2, '45.43139730', '10.97370520'),
(1724, 2, '45.43155040', '10.97350040'),
(1725, 2, '45.43158170', '10.97345860'),
(1726, 2, '45.43167910', '10.97333720'),
(1727, 2, '45.43180430', '10.97319770'),
(1728, 2, '45.43183330', '10.97316300'),
(1729, 2, '45.43244990', '10.97242520'),
(1730, 2, '45.43264750', '10.97218840'),
(1731, 2, '45.43286430', '10.97192860'),
(1732, 2, '45.43313670', '10.97160260'),
(1733, 2, '45.43320400', '10.97152330'),
(1734, 2, '45.43330160', '10.97141310'),
(1735, 2, '45.43343030', '10.97129150'),
(1736, 2, '45.43355940', '10.97120410'),
(1737, 2, '45.43402420', '10.97090370'),
(1738, 2, '45.43408090', '10.97087740'),
(1739, 2, '45.43418540', '10.97085230'),
(1740, 2, '45.43434680', '10.97086660'),
(1741, 2, '45.43451020', '10.97087090'),
(1742, 2, '45.43451730', '10.97086610'),
(1743, 2, '45.43492080', '10.97059100'),
(1744, 2, '45.43568650', '10.97006890'),
(1745, 2, '45.43580490', '10.96998820'),
(1746, 2, '45.43672360', '10.96935330'),
(1747, 2, '45.43680380', '10.96929730'),
(1748, 2, '45.43690320', '10.96925600'),
(1749, 2, '45.43694210', '10.96924970'),
(1750, 2, '45.43698590', '10.96924260'),
(1751, 2, '45.43703700', '10.96922170'),
(1752, 2, '45.43710350', '10.96915270'),
(1753, 2, '45.43711590', '10.96904780'),
(1754, 2, '45.43715080', '10.96897050'),
(1755, 2, '45.43720310', '10.96891670'),
(1756, 2, '45.43724700', '10.96889700'),
(1757, 2, '45.43729290', '10.96889440'),
(1758, 2, '45.43735690', '10.96877580'),
(1759, 2, '45.43736960', '10.96870380'),
(1760, 2, '45.43739560', '10.96854000'),
(1761, 2, '45.43744100', '10.96839220'),
(1762, 2, '45.43747360', '10.96819000'),
(1763, 2, '45.43753910', '10.96777350'),
(1764, 2, '45.43768310', '10.96695670'),
(1765, 2, '45.43770440', '10.96685030'),
(1766, 2, '45.43772750', '10.96676770'),
(1767, 2, '45.43777120', '10.96667630'),
(1768, 2, '45.43785050', '10.96663000'),
(1769, 2, '45.43822920', '10.96655760'),
(1770, 2, '45.43920350', '10.96638470'),
(1771, 2, '45.43961560', '10.96631420'),
(1772, 2, '45.43964040', '10.96631000'),
(1773, 2, '45.44034700', '10.96636310'),
(1774, 2, '45.44070820', '10.96639030'),
(1775, 2, '45.44077000', '10.96639360'),
(1776, 2, '45.44090850', '10.96639770'),
(1777, 2, '45.44091080', '10.96616260'),
(1778, 2, '45.44091170', '10.96607800'),
(1779, 2, '45.44091250', '10.96599170'),
(1780, 2, '45.44090700', '10.96553160'),
(1781, 2, '45.44089540', '10.96456070'),
(1782, 2, '45.44089260', '10.96432860'),
(1783, 2, '45.44089090', '10.96418830'),
(1784, 2, '45.44088290', '10.96377020'),
(1785, 2, '45.44086790', '10.96315010'),
(1786, 2, '45.44085730', '10.96294120'),
(1787, 2, '45.44084260', '10.96279250'),
(1788, 2, '45.44081320', '10.96248380'),
(1789, 2, '45.44078730', '10.96224430'),
(1790, 2, '45.44077550', '10.96214810'),
(1791, 2, '45.44074510', '10.96180090'),
(1792, 2, '45.44070760', '10.96140310'),
(1793, 2, '45.44068810', '10.96116620'),
(1794, 2, '45.44061550', '10.96045510'),
(1795, 2, '45.44059870', '10.96021750'),
(1796, 2, '45.44058410', '10.95998410'),
(1797, 2, '45.44057240', '10.95975150'),
(1798, 2, '45.44056590', '10.95953460'),
(1799, 2, '45.44055440', '10.95924130'),
(1800, 2, '45.44054380', '10.95896080'),
(1801, 2, '45.44053990', '10.95877650'),
(1802, 2, '45.44053090', '10.95857280'),
(1803, 2, '45.44052130', '10.95845900'),
(1804, 2, '45.44050680', '10.95834760'),
(1805, 2, '45.44043680', '10.95800810'),
(1806, 2, '45.44033850', '10.95767410'),
(1807, 2, '45.44021970', '10.95730120'),
(1808, 2, '45.44017490', '10.95716910'),
(1809, 2, '45.44003270', '10.95674530'),
(1810, 2, '45.43996850', '10.95654510'),
(1811, 2, '45.43983700', '10.95616270'),
(1812, 2, '45.43969870', '10.95574100'),
(1813, 2, '45.43965960', '10.95562290'),
(1814, 2, '45.43960880', '10.95547130'),
(1815, 2, '45.43955730', '10.95530770'),
(1816, 2, '45.43950860', '10.95513400'),
(1817, 2, '45.43947090', '10.95496840'),
(1818, 2, '45.43942620', '10.95474940'),
(1819, 2, '45.43936320', '10.95437830'),
(1820, 2, '45.43930490', '10.95400390'),
(1821, 2, '45.43923850', '10.95358160'),
(1822, 2, '45.43920820', '10.95338730'),
(1823, 2, '45.43918470', '10.95323180'),
(1824, 2, '45.43913220', '10.95286090'),
(1825, 2, '45.43911100', '10.95267850'),
(1826, 2, '45.43909380', '10.95249650'),
(1827, 2, '45.43908940', '10.95235790'),
(1828, 2, '45.43908950', '10.95221920'),
(1829, 2, '45.43909520', '10.95205450'),
(1830, 2, '45.43911050', '10.95188340'),
(1831, 2, '45.43914800', '10.95163930'),
(1832, 2, '45.43919640', '10.95140310'),
(1833, 2, '45.43921300', '10.95132490'),
(1834, 2, '45.43925640', '10.95114610'),
(1835, 2, '45.43939160', '10.95056220'),
(1836, 2, '45.43940770', '10.95047030'),
(1837, 2, '45.43941570', '10.95037550'),
(1838, 2, '45.43942150', '10.95026980'),
(1839, 2, '45.43942390', '10.95015790'),
(1840, 2, '45.43941850', '10.94999290'),
(1841, 2, '45.43940220', '10.94979160'),
(1842, 2, '45.43930450', '10.94865760'),
(1843, 2, '45.43928780', '10.94853450'),
(1844, 2, '45.43925880', '10.94837200'),
(1845, 2, '45.43924610', '10.94831700'),
(1846, 2, '45.43921920', '10.94822320'),
(1847, 2, '45.43913480', '10.94813000'),
(1848, 2, '45.43911350', '10.94805060'),
(1849, 2, '45.43901750', '10.94766710'),
(1850, 2, '45.43893860', '10.94747500'),
(1851, 2, '45.43891120', '10.94739570'),
(1852, 2, '45.43880260', '10.94707920'),
(1853, 2, '45.43866520', '10.94664680'),
(1854, 2, '45.43853210', '10.94625640'),
(1855, 2, '45.43842390', '10.94593180'),
(1856, 2, '45.43824010', '10.94538960'),
(1857, 2, '45.43818310', '10.94523610'),
(1858, 2, '45.43804320', '10.94492320'),
(1859, 2, '45.43775540', '10.94433660'),
(1860, 2, '45.43762320', '10.94407390'),
(1861, 2, '45.43747030', '10.94382410'),
(1862, 2, '45.43731510', '10.94354960'),
(1863, 2, '45.43715640', '10.94329340'),
(1864, 2, '45.43707400', '10.94315790'),
(1865, 2, '45.43699670', '10.94302520'),
(1866, 2, '45.43696080', '10.94282980'),
(1867, 2, '45.43695690', '10.94275910'),
(1868, 2, '45.43696230', '10.94267900'),
(1869, 2, '45.43700240', '10.94261360'),
(1870, 2, '45.43705520', '10.94254490'),
(1871, 2, '45.43792670', '10.94185510'),
(1872, 2, '45.43813820', '10.94173290'),
(1873, 2, '45.43817280', '10.94171290'),
(1874, 2, '45.43869370', '10.94147200'),
(1875, 2, '45.43879680', '10.94142410'),
(1876, 2, '45.43891720', '10.94138500'),
(1877, 2, '45.43899620', '10.94136290'),
(1878, 2, '45.43904630', '10.94133490'),
(1879, 2, '45.43909450', '10.94130670'),
(1880, 2, '45.43919360', '10.94127700'),
(1881, 2, '45.43944740', '10.94119290'),
(1882, 2, '45.43992710', '10.94106490'),
(1883, 2, '45.44009050', '10.94102120'),
(1884, 2, '45.44013670', '10.94100890'),
(1885, 2, '45.44028190', '10.94097020'),
(1886, 2, '45.44032290', '10.94095920'),
(1887, 2, '45.44070540', '10.94085830'),
(1888, 2, '45.44095190', '10.94079320'),
(1889, 2, '45.44108710', '10.94075610'),
(1890, 2, '45.44123840', '10.94071190'),
(1891, 2, '45.44143670', '10.94065560'),
(1892, 2, '45.44150950', '10.94063500'),
(1893, 2, '45.44158840', '10.94061260'),
(1894, 2, '45.44184320', '10.94054030'),
(1895, 2, '45.44196930', '10.94050810'),
(1896, 2, '45.44199940', '10.94050790'),
(1897, 2, '45.44205360', '10.94052580'),
(1898, 2, '45.44209720', '10.94055820'),
(1899, 2, '45.44216250', '10.94059780'),
(1900, 2, '45.44218700', '10.94060380'),
(1901, 2, '45.44225810', '10.94060000'),
(1902, 2, '45.44272110', '10.94047240'),
(1903, 2, '45.44278870', '10.94045740'),
(1904, 2, '45.44283200', '10.94038220'),
(1905, 2, '45.44285090', '10.94060720'),
(1906, 2, '45.44286650', '10.94079670'),
(1907, 2, '45.44290640', '10.94122050'),
(1908, 2, '45.44291350', '10.94134550'),
(1909, 2, '45.44291110', '10.94143060'),
(1910, 2, '45.44290560', '10.94151320'),
(1911, 2, '45.44287870', '10.94196040'),
(1912, 2, '45.44287580', '10.94204120'),
(1913, 2, '45.44287630', '10.94212200'),
(1914, 2, '45.44288900', '10.94234330'),
(1915, 2, '45.44290890', '10.94269000'),
(1916, 2, '45.44293560', '10.94316940'),
(1917, 2, '45.44295320', '10.94340680'),
(1918, 2, '45.44296730', '10.94359320'),
(1919, 2, '45.44297120', '10.94363830'),
(1920, 2, '45.44301750', '10.94363070'),
(1921, 2, '45.44314160', '10.94360320'),
(1922, 2, '45.44412970', '10.94339270'),
(1923, 2, '45.44423130', '10.94346040'),
(1924, 2, '45.44426600', '10.94338380'),
(1925, 2, '45.44429340', '10.94334420'),
(1926, 2, '45.44437870', '10.94344980'),
(1927, 2, '45.44483800', '10.94401790'),
(1928, 2, '45.44492880', '10.94421500'),
(1929, 2, '45.44497650', '10.94437830'),
(1930, 2, '45.44504550', '10.94526750'),
(1931, 2, '45.45071630', '11.04739130'),
(1932, 2, '45.45066360', '11.04745300'),
(1933, 2, '45.45041900', '11.04776420'),
(1934, 2, '45.45035880', '11.04779900'),
(1935, 2, '45.45041900', '11.04776420'),
(1936, 2, '45.45066360', '11.04745300'),
(1937, 2, '45.45071630', '11.04739130'),
(1938, 2, '45.45035880', '11.04779900'),
(1939, 2, '45.44695080', '11.04645300'),
(1940, 2, '45.45035880', '11.04779900'),
(1941, 2, '45.44695080', '11.04645300'),
(1942, 2, '45.44521550', '11.04576770'),
(1943, 2, '45.44493550', '11.04565920'),
(1944, 2, '45.44521550', '11.04576770'),
(1945, 2, '45.44695080', '11.04645300'),
(1946, 2, '45.44493550', '11.04565920'),
(1947, 2, '45.44456680', '11.04551290'),
(1948, 2, '45.44493550', '11.04565920'),
(1949, 2, '45.44456680', '11.04551290'),
(1950, 2, '45.44382270', '11.04521770'),
(1951, 2, '45.44456680', '11.04551290'),
(1952, 2, '45.44382270', '11.04521770'),
(1953, 2, '45.44297220', '11.04488020'),
(1954, 2, '45.44264160', '11.04474340'),
(1955, 2, '45.44249710', '11.04473480'),
(1956, 2, '45.44211770', '11.04477770'),
(1957, 2, '45.44181650', '11.04479490'),
(1958, 2, '45.44162830', '11.04474690'),
(1959, 2, '45.44028820', '11.04410510'),
(1960, 2, '45.44162830', '11.04474690'),
(1961, 2, '45.44181650', '11.04479490'),
(1962, 2, '45.44211770', '11.04477770'),
(1963, 2, '45.44249710', '11.04473480'),
(1964, 2, '45.44264160', '11.04474340'),
(1965, 2, '45.44297220', '11.04488020'),
(1966, 2, '45.44382270', '11.04521770'),
(1967, 2, '45.44022220', '11.04411080'),
(1968, 2, '45.44028820', '11.04410510'),
(1969, 2, '45.44023040', '11.04404580'),
(1970, 2, '45.44022340', '11.04402530'),
(1971, 2, '45.44021230', '11.04400890'),
(1972, 2, '45.44019370', '11.04399830'),
(1973, 2, '45.44017080', '11.04399590'),
(1974, 2, '45.44015710', '11.04400320'),
(1975, 2, '45.44014540', '11.04401580'),
(1976, 2, '45.44013670', '11.04403250'),
(1977, 2, '45.44013120', '11.04405650'),
(1978, 2, '45.44013170', '11.04408170'),
(1979, 2, '45.44013820', '11.04410500'),
(1980, 2, '45.44014990', '11.04412380'),
(1981, 2, '45.44017110', '11.04413620'),
(1982, 2, '45.44019650', '11.04413640'),
(1983, 2, '45.44021080', '11.04412650'),
(1984, 2, '45.44022220', '11.04411080'),
(1985, 4, '45.37135300', '10.94483700'),
(1986, 4, '45.37208200', '10.94489320'),
(1987, 4, '45.37211480', '10.94406780'),
(1988, 4, '45.37213930', '10.94364940'),
(1989, 4, '45.37214900', '10.94346980'),
(1990, 4, '45.37211240', '10.94337390'),
(1991, 4, '45.37194900', '10.94321420'),
(1992, 4, '45.37185800', '10.94311640'),
(1993, 4, '45.37144950', '10.94277510'),
(1994, 4, '45.37093020', '10.94234860'),
(1995, 4, '45.37083930', '10.94226610'),
(1996, 4, '45.37070760', '10.94214840'),
(1997, 4, '45.37067450', '10.94212460'),
(1998, 4, '45.37033940', '10.94188410'),
(1999, 4, '45.37005440', '10.94166190'),
(2000, 4, '45.36988420', '10.94153500'),
(2001, 4, '45.36980900', '10.94147660'),
(2002, 4, '45.36953620', '10.94127030'),
(2003, 4, '45.36879240', '10.94076980'),
(2004, 4, '45.36864450', '10.94068210'),
(2005, 4, '45.36757460', '10.94002590'),
(2006, 4, '45.36669860', '10.93954670'),
(2007, 4, '45.36650420', '10.93944040'),
(2008, 4, '45.36641170', '10.93938980'),
(2009, 4, '45.36592110', '10.93917380'),
(2010, 4, '45.36579490', '10.93911830'),
(2011, 4, '45.36539770', '10.93889880'),
(2012, 4, '45.36506650', '10.93867210'),
(2013, 4, '45.36444110', '10.93809030'),
(2014, 4, '45.36407870', '10.93772550'),
(2015, 4, '45.36362730', '10.93722090'),
(2016, 4, '45.36324320', '10.93687490'),
(2017, 4, '45.36234440', '10.93619350'),
(2018, 4, '45.36195720', '10.93593890'),
(2019, 4, '45.36185030', '10.93586750'),
(2020, 4, '45.36161760', '10.93573580'),
(2021, 4, '45.36127630', '10.93557700'),
(2022, 4, '45.36102690', '10.93547430'),
(2023, 4, '45.36054950', '10.93532950'),
(2024, 4, '45.36004750', '10.93523840'),
(2025, 4, '45.36000350', '10.93522740'),
(2026, 4, '45.35968650', '10.93520580'),
(2027, 4, '45.35943220', '10.93522470'),
(2028, 4, '45.35930310', '10.93525850'),
(2029, 4, '45.35883000', '10.93542470'),
(2030, 4, '45.35854520', '10.93546040'),
(2031, 4, '45.35831020', '10.93538050'),
(2032, 4, '45.35825000', '10.93530540'),
(2033, 4, '45.35818040', '10.93523430'),
(2034, 4, '45.35815350', '10.93520860'),
(2035, 4, '45.35808990', '10.93514960'),
(2036, 4, '45.35805060', '10.93510550'),
(2037, 4, '45.35801060', '10.93503310'),
(2038, 4, '45.35800080', '10.93500230'),
(2039, 4, '45.35798640', '10.93497540'),
(2040, 4, '45.35796350', '10.93494970'),
(2041, 4, '45.35793640', '10.93493400'),
(2042, 4, '45.35790740', '10.93492970'),
(2043, 4, '45.35787860', '10.93493690'),
(2044, 4, '45.35785240', '10.93495520'),
(2045, 4, '45.35782980', '10.93498480'),
(2046, 4, '45.35781420', '10.93502250'),
(2047, 4, '45.35780700', '10.93506510'),
(2048, 4, '45.35776790', '10.93511480'),
(2049, 4, '45.35768410', '10.93517890'),
(2050, 4, '45.35761130', '10.93522590'),
(2051, 4, '45.35758200', '10.93524030'),
(2052, 4, '45.35757050', '10.93527180'),
(2053, 4, '45.35757530', '10.93531540'),
(2054, 4, '45.35759410', '10.93534850'),
(2055, 4, '45.35762040', '10.93536010'),
(2056, 4, '45.35763140', '10.93547820'),
(2057, 4, '45.35763770', '10.93568750'),
(2058, 4, '45.35764490', '10.93595330'),
(2059, 4, '45.35761390', '10.93639730'),
(2060, 4, '45.35757600', '10.93695980'),
(2061, 4, '45.35735370', '10.93969250'),
(2062, 4, '45.35716290', '10.94206260'),
(2063, 4, '45.35703100', '10.94369820'),
(2064, 4, '45.35702860', '10.94372840'),
(2065, 4, '45.35693530', '10.94492580'),
(2066, 4, '45.35686110', '10.94581280'),
(2067, 4, '45.35682750', '10.94621440'),
(2068, 4, '45.35681120', '10.94640950'),
(2069, 4, '45.35679900', '10.94657030'),
(2070, 4, '45.35668400', '10.94808950'),
(2071, 4, '45.35658250', '10.94942920'),
(2072, 4, '45.35656380', '10.94968890'),
(2073, 4, '45.35651690', '10.95034160'),
(2074, 4, '45.35648920', '10.95073610'),
(2075, 4, '45.35640950', '10.95187160'),
(2076, 4, '45.35637320', '10.95238960'),
(2077, 4, '45.35635900', '10.95252560'),
(2078, 4, '45.35628850', '10.95320190'),
(2079, 4, '45.35620950', '10.95366810'),
(2080, 4, '45.35617410', '10.95387480'),
(2081, 4, '45.35606870', '10.95437550'),
(2082, 4, '45.35604190', '10.95451290'),
(2083, 4, '45.35582630', '10.95561740'),
(2084, 4, '45.35577880', '10.95593040'),
(2085, 4, '45.35571490', '10.95635190'),
(2086, 4, '45.35572680', '10.95659150'),
(2087, 4, '45.35571860', '10.95665680'),
(2088, 4, '45.35570640', '10.95672230'),
(2089, 4, '45.35569410', '10.95672600'),
(2090, 4, '45.35568330', '10.95673170'),
(2091, 4, '45.35566610', '10.95674650'),
(2092, 4, '45.35565120', '10.95676830'),
(2093, 4, '45.35564200', '10.95679010'),
(2094, 4, '45.35563850', '10.95680310'),
(2095, 4, '45.35563550', '10.95682060'),
(2096, 4, '45.35563640', '10.95686350'),
(2097, 4, '45.35564340', '10.95689290'),
(2098, 4, '45.35565140', '10.95691100'),
(2099, 4, '45.35565930', '10.95692370'),
(2100, 4, '45.35567740', '10.95694260'),
(2101, 4, '45.35569430', '10.95695280'),
(2102, 4, '45.35571500', '10.95695750'),
(2103, 4, '45.35572420', '10.95695670'),
(2104, 4, '45.35574680', '10.95694990'),
(2105, 4, '45.35575940', '10.95694140'),
(2106, 4, '45.35577400', '10.95692590'),
(2107, 4, '45.35578440', '10.95690940'),
(2108, 4, '45.35585070', '10.95687760'),
(2109, 4, '45.35615500', '10.95678170'),
(2110, 4, '45.35662170', '10.95671300'),
(2111, 4, '45.35686970', '10.95669570'),
(2112, 4, '45.35714710', '10.95667280'),
(2113, 4, '45.35761060', '10.95670080'),
(2114, 4, '45.35764400', '10.95670550'),
(2115, 4, '45.35797850', '10.95675230'),
(2116, 4, '45.35810040', '10.95678250'),
(2117, 4, '45.35816920', '10.95680010'),
(2118, 4, '45.35825190', '10.95682110'),
(2119, 4, '45.35832380', '10.95683960'),
(2120, 4, '45.35853230', '10.95689290'),
(2121, 4, '45.35864990', '10.95692000'),
(2122, 4, '45.35873870', '10.95694210'),
(2123, 4, '45.35903660', '10.95701650'),
(2124, 4, '45.35911790', '10.95703680'),
(2125, 4, '45.35952530', '10.95713850'),
(2126, 4, '45.35960530', '10.95715850'),
(2127, 4, '45.35985180', '10.95721320'),
(2128, 4, '45.35987500', '10.95721840'),
(2129, 4, '45.36004780', '10.95725670'),
(2130, 4, '45.36083280', '10.95746500'),
(2131, 4, '45.36097790', '10.95750130'),
(2132, 4, '45.36105730', '10.95752110'),
(2133, 4, '45.36109750', '10.95753110'),
(2134, 4, '45.36146290', '10.95758130'),
(2135, 4, '45.36225080', '10.95773130'),
(2136, 4, '45.36249380', '10.95779340'),
(2137, 4, '45.36254850', '10.95781480'),
(2138, 4, '45.36257460', '10.95782500'),
(2139, 4, '45.36264480', '10.95785250'),
(2140, 4, '45.36273380', '10.95788740'),
(2141, 4, '45.36287760', '10.95797090'),
(2142, 4, '45.36309360', '10.95808690'),
(2143, 4, '45.36322010', '10.95817440'),
(2144, 4, '45.36352030', '10.95837550'),
(2145, 4, '45.36355920', '10.95840910'),
(2146, 4, '45.36376730', '10.95858890'),
(2147, 4, '45.36379890', '10.95861620'),
(2148, 4, '45.36399580', '10.95882220'),
(2149, 4, '45.36407560', '10.95888950'),
(2150, 4, '45.36417750', '10.95897990'),
(2151, 4, '45.36475530', '10.95949270'),
(2152, 4, '45.36525840', '10.95993930'),
(2153, 4, '45.36537790', '10.96004540'),
(2154, 4, '45.36617420', '10.96075210'),
(2155, 4, '45.36640710', '10.96095260'),
(2156, 4, '45.36699640', '10.96145990'),
(2157, 4, '45.36726530', '10.96168590'),
(2158, 4, '45.36731410', '10.96180280'),
(2159, 4, '45.36737490', '10.96194810'),
(2160, 4, '45.36737330', '10.96199280'),
(2161, 4, '45.36738180', '10.96203600'),
(2162, 4, '45.36739240', '10.96205830'),
(2163, 4, '45.36739940', '10.96207310'),
(2164, 4, '45.36742440', '10.96210040'),
(2165, 4, '45.36745410', '10.96211510'),
(2166, 4, '45.36748560', '10.96211570'),
(2167, 4, '45.36751560', '10.96210210'),
(2168, 4, '45.36754110', '10.96207580'),
(2169, 4, '45.36754590', '10.96206590'),
(2170, 4, '45.36771910', '10.96208130'),
(2171, 4, '45.36792380', '10.96227260'),
(2172, 4, '45.36797470', '10.96231470'),
(2173, 4, '45.36809380', '10.96241300'),
(2174, 4, '45.36835610', '10.96262610'),
(2175, 4, '45.36836290', '10.96263040'),
(2176, 4, '45.36867860', '10.96282780'),
(2177, 4, '45.36871020', '10.96284520'),
(2178, 4, '45.36902780', '10.96302050'),
(2179, 4, '45.36942510', '10.96323980'),
(2180, 4, '45.36956630', '10.96331780'),
(2181, 4, '45.36972490', '10.96340530'),
(2182, 4, '45.36995530', '10.96353250'),
(2183, 4, '45.37057480', '10.96383690'),
(2184, 4, '45.37099860', '10.96404520'),
(2185, 4, '45.37129080', '10.96418880'),
(2186, 4, '45.37203670', '10.96455860'),
(2187, 4, '45.37208370', '10.96458350'),
(2188, 4, '45.37366900', '10.96542220'),
(2189, 4, '45.37412760', '10.96566210'),
(2190, 4, '45.37428850', '10.96574120'),
(2191, 4, '45.37492610', '10.96610890'),
(2192, 4, '45.37504020', '10.96617700'),
(2193, 4, '45.37534840', '10.96636860'),
(2194, 4, '45.37628520', '10.96694250'),
(2195, 4, '45.37648880', '10.96706720'),
(2196, 4, '45.37648490', '10.96708650'),
(2197, 4, '45.37648970', '10.96713550'),
(2198, 4, '45.37650470', '10.96716380'),
(2199, 4, '45.37652520', '10.96718020'),
(2200, 4, '45.37654970', '10.96718390'),
(2201, 4, '45.37656840', '10.96717660'),
(2202, 4, '45.37658110', '10.96716530'),
(2203, 4, '45.37659270', '10.96714730'),
(2204, 4, '45.37659730', '10.96713570'),
(2205, 4, '45.37678260', '10.96724770'),
(2206, 4, '45.37694380', '10.96734900'),
(2207, 4, '45.37735310', '10.96760630'),
(2208, 4, '45.37784490', '10.96790710'),
(2209, 4, '45.37809650', '10.96806630'),
(2210, 4, '45.37824400', '10.96813830'),
(2211, 4, '45.37843370', '10.96819910'),
(2212, 4, '45.37858820', '10.96821250'),
(2213, 4, '45.37871350', '10.96819150'),
(2214, 4, '45.37890000', '10.96811580'),
(2215, 4, '45.38018680', '10.96740840'),
(2216, 4, '45.38067570', '10.96713960'),
(2217, 4, '45.38092190', '10.96706000'),
(2218, 4, '45.38106570', '10.96708330'),
(2219, 4, '45.38118640', '10.96716310'),
(2220, 4, '45.38128970', '10.96726550'),
(2221, 4, '45.38136840', '10.96735240'),
(2222, 4, '45.38145090', '10.96744570'),
(2223, 4, '45.38150270', '10.96757680'),
(2224, 4, '45.38154230', '10.96769480'),
(2225, 4, '45.38213700', '10.97031470'),
(2226, 4, '45.38217400', '10.97042790'),
(2227, 4, '45.38223750', '10.97050580'),
(2228, 4, '45.38233030', '10.97057110'),
(2229, 4, '45.38310920', '10.97102450'),
(2230, 4, '45.38446300', '10.97185940'),
(2231, 4, '45.38471880', '10.97202000'),
(2232, 4, '45.38490060', '10.97212400'),
(2233, 4, '45.38511010', '10.97224720'),
(2234, 4, '45.38515690', '10.97227340'),
(2235, 4, '45.38719080', '10.97349330'),
(2236, 4, '45.38756100', '10.97371540'),
(2237, 4, '45.38770740', '10.97380670'),
(2238, 4, '45.38777980', '10.97382390'),
(2239, 4, '45.38788960', '10.97379830'),
(2240, 4, '45.38795040', '10.97379430'),
(2241, 4, '45.38800220', '10.97379090'),
(2242, 4, '45.38807270', '10.97379950'),
(2243, 4, '45.38838050', '10.97397720'),
(2244, 4, '45.38860780', '10.97410850'),
(2245, 4, '45.38887120', '10.97426060'),
(2246, 4, '45.38900260', '10.97436270'),
(2247, 4, '45.38921320', '10.97455150'),
(2248, 4, '45.38945340', '10.97480690'),
(2249, 4, '45.38959530', '10.97492730'),
(2250, 4, '45.38975720', '10.97502910'),
(2251, 4, '45.38988010', '10.97515760'),
(2252, 4, '45.38993820', '10.97521020'),
(2253, 4, '45.38998920', '10.97527000'),
(2254, 4, '45.39002960', '10.97531980'),
(2255, 4, '45.39004440', '10.97537740'),
(2256, 4, '45.39005680', '10.97540410'),
(2257, 4, '45.39006960', '10.97542450'),
(2258, 4, '45.39010400', '10.97545950'),
(2259, 4, '45.39015210', '10.97548010'),
(2260, 4, '45.39019240', '10.97547850'),
(2261, 4, '45.39020630', '10.97547400'),
(2262, 4, '45.39022670', '10.97546340'),
(2263, 4, '45.39025600', '10.97543780'),
(2264, 4, '45.39036970', '10.97545450'),
(2265, 4, '45.39049170', '10.97550410'),
(2266, 4, '45.39061680', '10.97554100'),
(2267, 4, '45.39133290', '10.97597420'),
(2268, 4, '45.39194140', '10.97634230'),
(2269, 4, '45.39222680', '10.97651490'),
(2270, 4, '45.39237590', '10.97660510'),
(2271, 4, '45.39281550', '10.97687110'),
(2272, 4, '45.39465530', '10.97798170'),
(2273, 4, '45.39469540', '10.97800610'),
(2274, 4, '45.39478160', '10.97805830'),
(2275, 4, '45.39490000', '10.97813310'),
(2276, 4, '45.39527180', '10.97836790'),
(2277, 4, '45.39544870', '10.97850040'),
(2278, 4, '45.39605470', '10.97895430'),
(2279, 4, '45.39655780', '10.97920700'),
(2280, 4, '45.39748200', '10.97964690'),
(2281, 4, '45.39767260', '10.97979760'),
(2282, 4, '45.39788880', '10.97996840'),
(2283, 4, '45.39804780', '10.98009710'),
(2284, 4, '45.39826670', '10.98022050'),
(2285, 4, '45.39874390', '10.98046200'),
(2286, 4, '45.39893570', '10.98056530'),
(2287, 4, '45.39949150', '10.98087580'),
(2288, 4, '45.39961400', '10.98094420'),
(2289, 4, '45.39972200', '10.98100990'),
(2290, 4, '45.39986810', '10.98109670'),
(2291, 4, '45.40097490', '10.98175450'),
(2292, 4, '45.40114000', '10.98184580'),
(2293, 4, '45.40118100', '10.98186860'),
(2294, 4, '45.40124800', '10.98190580'),
(2295, 4, '45.40141810', '10.98203490'),
(2296, 4, '45.40149970', '10.98209060'),
(2297, 4, '45.40155400', '10.98212370'),
(2298, 4, '45.40191470', '10.98234390'),
(2299, 4, '45.40257930', '10.98273810'),
(2300, 4, '45.40356790', '10.98331180'),
(2301, 4, '45.40388090', '10.98350560'),
(2302, 4, '45.40399940', '10.98357680'),
(2303, 4, '45.40431570', '10.98375990'),
(2304, 4, '45.40439610', '10.98381660'),
(2305, 4, '45.40525330', '10.98431250'),
(2306, 4, '45.40554080', '10.98448190'),
(2307, 4, '45.40625510', '10.98490860'),
(2308, 4, '45.40633270', '10.98496640'),
(2309, 4, '45.40638930', '10.98502060'),
(2310, 4, '45.40650930', '10.98512460'),
(2311, 4, '45.40660020', '10.98517730'),
(2312, 4, '45.40702110', '10.98539740'),
(2313, 4, '45.40736100', '10.98555530'),
(2314, 4, '45.40742330', '10.98558480'),
(2315, 4, '45.40759480', '10.98567940'),
(2316, 4, '45.40866950', '10.98627140'),
(2317, 4, '45.40885380', '10.98637170'),
(2318, 4, '45.40894330', '10.98642300'),
(2319, 4, '45.40918770', '10.98656340'),
(2320, 4, '45.41011890', '10.98712370'),
(2321, 4, '45.41124170', '10.98778550'),
(2322, 4, '45.41223700', '10.98829750'),
(2323, 4, '45.41222550', '10.98818040'),
(2324, 4, '45.41221260', '10.98789470'),
(2325, 4, '45.41221110', '10.98776840'),
(2326, 4, '45.41223460', '10.98723340'),
(2327, 4, '45.41224410', '10.98682900'),
(2328, 4, '45.41229590', '10.98596120'),
(2329, 4, '45.41229750', '10.98592690'),
(2330, 4, '45.41230520', '10.98560250'),
(2331, 4, '45.41230600', '10.98557230'),
(2332, 4, '45.41230670', '10.98554410'),
(2333, 4, '45.41230570', '10.98542390'),
(2334, 4, '45.41241440', '10.98543770'),
(2335, 4, '45.41245870', '10.98544290'),
(2336, 4, '45.41261030', '10.98546280'),
(2337, 4, '45.41284150', '10.98555180'),
(2338, 4, '45.41321800', '10.98573760'),
(2339, 4, '45.41333570', '10.98579050'),
(2340, 4, '45.41342530', '10.98582850'),
(2341, 4, '45.41375600', '10.98589560'),
(2342, 4, '45.41415610', '10.98590890'),
(2343, 4, '45.41437120', '10.98590040'),
(2344, 4, '45.41465650', '10.98588560'),
(2345, 4, '45.41523050', '10.98586200'),
(2346, 4, '45.41582490', '10.98582140'),
(2347, 4, '45.41587570', '10.98580100'),
(2348, 4, '45.41698430', '10.98575730'),
(2349, 4, '45.41710260', '10.98576410'),
(2350, 4, '45.41716380', '10.98576750'),
(2351, 4, '45.41722420', '10.98575210'),
(2352, 4, '45.41726800', '10.98574100'),
(2353, 4, '45.41789720', '10.98580240'),
(2354, 4, '45.41796870', '10.98583880'),
(2355, 4, '45.41804780', '10.98589100'),
(2356, 4, '45.41812980', '10.98590840'),
(2357, 4, '45.41815940', '10.98583400'),
(2358, 4, '45.41819940', '10.98573610'),
(2359, 4, '45.41820500', '10.98567770'),
(2360, 4, '45.41819650', '10.98560260'),
(2361, 4, '45.41817770', '10.98555430'),
(2362, 4, '45.41811460', '10.98546580'),
(2363, 4, '45.41750760', '10.98516330'),
(2364, 4, '45.41747830', '10.98514870'),
(2365, 4, '45.41743400', '10.98507220'),
(2366, 4, '45.41741280', '10.98502660'),
(2367, 4, '45.41740060', '10.98496490'),
(2368, 4, '45.41740150', '10.98489850'),
(2369, 4, '45.41740620', '10.98478420'),
(2370, 4, '45.41746010', '10.98461640'),
(2371, 4, '45.41752230', '10.98442930'),
(2372, 4, '45.41757140', '10.98426120'),
(2373, 4, '45.41772390', '10.98378410'),
(2374, 4, '45.41777920', '10.98360230'),
(2375, 4, '45.41807060', '10.98268390'),
(2376, 4, '45.41832170', '10.98189260'),
(2377, 4, '45.41835050', '10.98179550'),
(2378, 4, '45.41838910', '10.98166510'),
(2379, 4, '45.41850080', '10.98171860'),
(2380, 4, '45.41891500', '10.98192650'),
(2381, 4, '45.41904000', '10.98199170'),
(2382, 4, '45.41920510', '10.98207480'),
(2383, 4, '45.42071790', '10.98282310'),
(2384, 4, '45.42414070', '10.98454500'),
(2385, 4, '45.42537300', '10.98516490'),
(2386, 4, '45.42558260', '10.98535700'),
(2387, 4, '45.42722230', '10.98617690'),
(2388, 4, '45.42730250', '10.98621730'),
(2389, 4, '45.42804090', '10.98658930'),
(2390, 4, '45.42845180', '10.98679970'),
(2391, 4, '45.42865840', '10.98690830'),
(2392, 4, '45.42886140', '10.98701740'),
(2393, 4, '45.42905050', '10.98712190'),
(2394, 4, '45.42948340', '10.98734620'),
(2395, 4, '45.42965920', '10.98743160'),
(2396, 4, '45.43012710', '10.98766730'),
(2397, 4, '45.43020930', '10.98770770'),
(2398, 4, '45.43024100', '10.98772420'),
(2399, 4, '45.43035520', '10.98771970'),
(2400, 4, '45.43044590', '10.98769750'),
(2401, 4, '45.43053850', '10.98765120'),
(2402, 4, '45.43056210', '10.98773860'),
(2403, 4, '45.43057770', '10.98779640'),
(2404, 4, '45.43059010', '10.98785060'),
(2405, 4, '45.43059870', '10.98788510'),
(2406, 4, '45.43060650', '10.98791670'),
(2407, 4, '45.43061660', '10.98795140'),
(2408, 4, '45.43062260', '10.98796860'),
(2409, 4, '45.43062880', '10.98798240'),
(2410, 4, '45.43064670', '10.98800940'),
(2411, 4, '45.43066290', '10.98804140'),
(2412, 4, '45.43071060', '10.98816230'),
(2413, 4, '45.43072740', '10.98819880'),
(2414, 4, '45.43072850', '10.98820110'),
(2415, 4, '45.43074500', '10.98823700'),
(2416, 4, '45.43075380', '10.98825400'),
(2417, 4, '45.43077700', '10.98829860'),
(2418, 4, '45.43084620', '10.98838390'),
(2419, 4, '45.43092470', '10.98844260'),
(2420, 4, '45.43111440', '10.98850200'),
(2421, 4, '45.43119410', '10.98852130'),
(2422, 4, '45.43139490', '10.98852130'),
(2423, 4, '45.43144090', '10.98851300'),
(2424, 4, '45.43161540', '10.98846920'),
(2425, 4, '45.43176860', '10.98844390'),
(2426, 4, '45.43185000', '10.98845840'),
(2427, 4, '45.43203320', '10.98853870'),
(2428, 4, '45.43206610', '10.98855550'),
(2429, 4, '45.43306630', '10.98906420'),
(2430, 4, '45.43310430', '10.98908390'),
(2431, 4, '45.43403490', '10.98956560'),
(2432, 4, '45.43484580', '10.98998530'),
(2433, 4, '45.43498860', '10.99005920'),
(2434, 4, '45.43507330', '10.99010310'),
(2435, 4, '45.43609570', '10.99063230'),
(2436, 4, '45.43618170', '10.99067680'),
(2437, 4, '45.43626950', '10.99072230'),
(2438, 4, '45.43661370', '10.99091040'),
(2439, 4, '45.43669050', '10.99095240'),
(2440, 4, '45.43681290', '10.99091760'),
(2441, 4, '45.43694230', '10.99098250'),
(2442, 4, '45.43696820', '10.99099480'),
(2443, 4, '45.43699960', '10.99100970'),
(2444, 4, '45.43712400', '10.99106890'),
(2445, 4, '45.43729290', '10.99114650'),
(2446, 4, '45.43735850', '10.99117640'),
(2447, 4, '45.43784590', '10.99142680'),
(2448, 4, '45.43807070', '10.99159110'),
(2449, 4, '45.43807800', '10.99159380'),
(2450, 4, '45.43808690', '10.99159700'),
(2451, 4, '45.43830770', '10.99161590'),
(2452, 4, '45.43838090', '10.99167710'),
(2453, 4, '45.43834610', '10.99179830'),
(2454, 4, '45.43825340', '10.99212750'),
(2455, 4, '45.43810870', '10.99259930'),
(2456, 4, '45.43803860', '10.99282370'),
(2457, 4, '45.43799550', '10.99292600'),
(2458, 4, '45.43787120', '10.99316890'),
(2459, 4, '45.43771680', '10.99339400'),
(2460, 4, '45.43761120', '10.99355390'),
(2461, 4, '45.43750290', '10.99392390'),
(2462, 4, '45.43747950', '10.99401090'),
(2463, 4, '45.43745540', '10.99413210'),
(2464, 4, '45.43740760', '10.99437580'),
(2465, 4, '45.43740300', '10.99440130'),
(2466, 4, '45.43739540', '10.99444330'),
(2467, 4, '45.43732220', '10.99476540'),
(2468, 4, '45.43730030', '10.99485640'),
(2469, 4, '45.43727680', '10.99494970'),
(2470, 4, '45.43725430', '10.99502180'),
(2471, 4, '45.43721840', '10.99510810'),
(2472, 4, '45.43718520', '10.99519490'),
(2473, 4, '45.43711330', '10.99535870'),
(2474, 4, '45.43718030', '10.99547620'),
(2475, 4, '45.43719040', '10.99551130'),
(2476, 4, '45.43720970', '10.99559250'),
(2477, 4, '45.43725150', '10.99578690'),
(2478, 4, '45.43736070', '10.99629650'),
(2479, 4, '45.43740690', '10.99643720'),
(2480, 4, '45.43756020', '10.99674340'),
(2481, 4, '45.43774480', '10.99699170'),
(2482, 4, '45.43789420', '10.99707060'),
(2483, 4, '45.43802420', '10.99730560'),
(2484, 4, '45.43822740', '10.99775710'),
(2485, 4, '45.43826640', '10.99783420'),
(2486, 4, '45.43848030', '10.99829100'),
(2487, 4, '45.43850670', '10.99834080'),
(2488, 4, '45.43870730', '10.99875690'),
(2489, 4, '45.43890550', '10.99915030'),
(2490, 4, '45.43904310', '10.99938970'),
(2491, 4, '45.43913380', '10.99952890'),
(2492, 4, '45.43923920', '10.99965050'),
(2493, 4, '45.43928560', '10.99969850'),
(2494, 4, '45.43950730', '11.00010070'),
(2495, 4, '45.43955930', '11.00022800'),
(2496, 4, '45.43956660', '11.00027790'),
(2497, 4, '45.43957080', '11.00035140'),
(2498, 4, '45.43955270', '11.00046100'),
(2499, 4, '45.43953000', '11.00050790'),
(2500, 4, '45.43949220', '11.00056880'),
(2501, 4, '45.43933050', '11.00075470'),
(2502, 4, '45.43928090', '11.00086140'),
(2503, 4, '45.43927670', '11.00089810'),
(2504, 4, '45.43915330', '11.00195790'),
(2505, 4, '45.43914840', '11.00199920'),
(2506, 4, '45.43914350', '11.00203980'),
(2507, 4, '45.43912240', '11.00215280'),
(2508, 4, '45.43911910', '11.00224180'),
(2509, 4, '45.43911470', '11.00236060'),
(2510, 4, '45.43911400', '11.00237960'),
(2511, 4, '45.43910930', '11.00241890'),
(2512, 4, '45.43908510', '11.00262110'),
(2513, 4, '45.43907210', '11.00273010'),
(2514, 4, '45.43904500', '11.00302330'),
(2515, 4, '45.43902460', '11.00346100'),
(2516, 4, '45.43903150', '11.00360430'),
(2517, 4, '45.43904890', '11.00403070'),
(2518, 4, '45.43905620', '11.00411700'),
(2519, 4, '45.43906530', '11.00419490'),
(2520, 4, '45.43933390', '11.00581420'),
(2521, 4, '45.43933780', '11.00583750'),
(2522, 4, '45.43936650', '11.00608860'),
(2523, 4, '45.43952820', '11.00729130'),
(2524, 4, '45.43957160', '11.00775530'),
(2525, 4, '45.43957590', '11.00779340'),
(2526, 4, '45.43960170', '11.00802080'),
(2527, 4, '45.43962170', '11.00847040'),
(2528, 4, '45.43963230', '11.00881740'),
(2529, 4, '45.43963550', '11.00892070'),
(2530, 4, '45.43966490', '11.00941090'),
(2531, 4, '45.43968110', '11.00969150'),
(2532, 4, '45.43970290', '11.00993610'),
(2533, 4, '45.43981200', '11.01106880'),
(2534, 4, '45.43981470', '11.01109270'),
(2535, 4, '45.43983740', '11.01131540'),
(2536, 4, '45.43997500', '11.01241300'),
(2537, 4, '45.43996850', '11.01257890'),
(2538, 4, '45.43995910', '11.01276930'),
(2539, 4, '45.43992870', '11.01301130'),
(2540, 4, '45.43992420', '11.01306070'),
(2541, 4, '45.43993120', '11.01314630'),
(2542, 4, '45.43988170', '11.01327210'),
(2543, 4, '45.43975350', '11.01377220'),
(2544, 4, '45.43961790', '11.01439320'),
(2545, 4, '45.43959900', '11.01442450'),
(2546, 4, '45.43956970', '11.01444370'),
(2547, 4, '45.43954630', '11.01444020'),
(2548, 4, '45.43937130', '11.01437760'),
(2549, 4, '45.43933250', '11.01453490'),
(2550, 4, '45.43930500', '11.01467810'),
(2551, 4, '45.43928550', '11.01477640'),
(2552, 4, '45.43926580', '11.01487550'),
(2553, 4, '45.43926180', '11.01489510'),
(2554, 4, '45.43924470', '11.01503950'),
(2555, 4, '45.43930740', '11.01506280'),
(2556, 4, '45.43943770', '11.01512410'),
(2557, 4, '45.43950290', '11.01525360'),
(2558, 4, '45.43958980', '11.01530080'),
(2559, 4, '45.43969090', '11.01534970'),
(2560, 4, '45.43970770', '11.01535460'),
(2561, 4, '45.44020020', '11.01557360'),
(2562, 4, '45.44041730', '11.01560130'),
(2563, 4, '45.44051790', '11.01564090'),
(2564, 4, '45.44057300', '11.01566940'),
(2565, 4, '45.44072350', '11.01574740'),
(2566, 4, '45.44078540', '11.01577950'),
(2567, 4, '45.44179760', '11.01645990'),
(2568, 4, '45.44191800', '11.01653700'),
(2569, 4, '45.44209430', '11.01668630'),
(2570, 4, '45.44252280', '11.01709580'),
(2571, 4, '45.44293810', '11.01748850'),
(2572, 4, '45.44314000', '11.01769600'),
(2573, 4, '45.44434650', '11.01889200'),
(2574, 4, '45.44440340', '11.01894800'),
(2575, 4, '45.44450500', '11.01904820'),
(2576, 4, '45.44459600', '11.01914700'),
(2577, 4, '45.44465180', '11.01921250'),
(2578, 4, '45.44491670', '11.01952310'),
(2579, 4, '45.44510820', '11.01971400'),
(2580, 4, '45.44531350', '11.01988790'),
(2581, 4, '45.44538090', '11.01992210'),
(2582, 4, '45.44545690', '11.01996060'),
(2583, 4, '45.44561230', '11.01999120'),
(2584, 4, '45.44582780', '11.02003220'),
(2585, 4, '45.44660820', '11.02004360'),
(2586, 4, '45.44691870', '11.02003280'),
(2587, 4, '45.44742770', '11.02001000'),
(2588, 4, '45.44745410', '11.02000730');
INSERT INTO `bus_paths` (`id`, `bus_number_id`, `latitude`, `longitude`) VALUES
(2589, 4, '45.44749370', '11.02000630'),
(2590, 4, '45.44808920', '11.01998990'),
(2591, 4, '45.44826700', '11.01998100'),
(2592, 4, '45.44831180', '11.01997980'),
(2593, 4, '45.44903770', '11.01995900'),
(2594, 4, '45.44913380', '11.01995630'),
(2595, 4, '45.44942990', '11.01995370'),
(2596, 4, '45.44965990', '11.01994930'),
(2597, 4, '45.44977700', '11.01994700'),
(2598, 4, '45.45016940', '11.01993890'),
(2599, 4, '45.45022860', '11.01993890'),
(2600, 4, '45.45046500', '11.01993450'),
(2601, 4, '45.45078170', '11.01992950'),
(2602, 4, '45.45081190', '11.01993090'),
(2603, 4, '45.45092110', '11.01992420'),
(2604, 4, '45.45144700', '11.01991480'),
(2605, 4, '45.45179040', '11.01989870'),
(2606, 4, '45.45198980', '11.01988510'),
(2607, 4, '45.45209400', '11.01987520'),
(2608, 4, '45.45212790', '11.01986880'),
(2609, 4, '45.45224800', '11.01984600'),
(2610, 4, '45.45288790', '11.01969300'),
(2611, 4, '45.45336290', '11.01956970'),
(2612, 4, '45.45366200', '11.01948790'),
(2613, 4, '45.45371860', '11.01946870'),
(2614, 4, '45.45381600', '11.01943260'),
(2615, 4, '45.45388930', '11.01940380'),
(2616, 4, '45.45395950', '11.01938190'),
(2617, 4, '45.45400060', '11.01939480'),
(2618, 4, '45.45404260', '11.01939040'),
(2619, 4, '45.45408200', '11.01936920'),
(2620, 4, '45.45416430', '11.01934060'),
(2621, 4, '45.45423350', '11.01932520'),
(2622, 4, '45.45428320', '11.01932440'),
(2623, 4, '45.45433680', '11.01933030'),
(2624, 4, '45.45439720', '11.01932220'),
(2625, 4, '45.45484550', '11.01925310'),
(2626, 4, '45.45493460', '11.01922990'),
(2627, 4, '45.45511570', '11.01916590'),
(2628, 4, '45.45564550', '11.01909470'),
(2629, 4, '45.45690980', '11.01883580'),
(2630, 4, '45.45699240', '11.01882250'),
(2631, 4, '45.45705090', '11.01881310'),
(2632, 4, '45.45757190', '11.01872900'),
(2633, 4, '45.45788490', '11.01866820'),
(2634, 4, '45.45806750', '11.01862590'),
(2635, 4, '45.45819990', '11.01860100'),
(2636, 4, '45.45847490', '11.01853190'),
(2637, 4, '45.45872710', '11.01857920'),
(2638, 4, '45.45887850', '11.01861720'),
(2639, 4, '45.45898830', '11.01867640'),
(2640, 4, '45.45898470', '11.01873120'),
(2641, 4, '45.45899170', '11.01877880'),
(2642, 4, '45.45901180', '11.01882940'),
(2643, 4, '45.45903550', '11.01886110'),
(2644, 4, '45.45905790', '11.01887920'),
(2645, 4, '45.45910330', '11.01889350'),
(2646, 4, '45.45915170', '11.01888110'),
(2647, 4, '45.45918350', '11.01885430'),
(2648, 4, '45.45920760', '11.01881660'),
(2649, 4, '45.45931970', '11.01872050'),
(2650, 4, '45.45953210', '11.01861050'),
(2651, 4, '45.45967080', '11.01860540'),
(2652, 4, '45.45982920', '11.01861350'),
(2653, 4, '45.46022890', '11.01865910'),
(2654, 4, '45.46083910', '11.01872810'),
(2655, 4, '45.46105060', '11.01875430'),
(2656, 4, '45.46132810', '11.01878530'),
(2657, 4, '45.46174230', '11.01879200'),
(2658, 4, '45.46205870', '11.01878610'),
(2659, 4, '45.46233570', '11.01877530'),
(2660, 4, '45.46257060', '11.01875500'),
(2661, 4, '45.46276990', '11.01873200'),
(2662, 4, '45.46333610', '11.01865190'),
(2663, 4, '45.46346720', '11.01862660'),
(2664, 4, '45.46376390', '11.01856680'),
(2665, 4, '45.46408020', '11.01854200'),
(2666, 4, '45.46434200', '11.01854300'),
(2667, 4, '45.46456950', '11.01862800'),
(2668, 4, '45.46464210', '11.01864550'),
(2669, 4, '45.46471730', '11.01865540'),
(2670, 4, '45.46486810', '11.01864500'),
(2671, 4, '45.46492340', '11.01863140'),
(2672, 4, '45.46526640', '11.01854480'),
(2673, 4, '45.46552430', '11.01852460'),
(2674, 4, '45.46562750', '11.01852430'),
(2675, 4, '45.46590010', '11.01852320'),
(2676, 4, '45.46613610', '11.01855270'),
(2677, 4, '45.46646510', '11.01857120'),
(2678, 4, '45.46705200', '11.01861280'),
(2679, 4, '45.46724830', '11.01865360'),
(2680, 4, '45.46755080', '11.01881430'),
(2681, 4, '45.46766470', '11.01885580'),
(2682, 4, '45.46783070', '11.01883290'),
(2683, 4, '45.46796210', '11.01876030'),
(2684, 4, '45.46808820', '11.01869530'),
(2685, 4, '45.46835650', '11.01849250'),
(2686, 4, '45.46871290', '11.01809800'),
(2687, 4, '45.46876590', '11.01800130'),
(2688, 4, '45.46878110', '11.01790410'),
(2689, 4, '45.46879070', '11.01743140'),
(2690, 4, '45.46879520', '11.01720080'),
(2691, 4, '45.46879970', '11.01696690'),
(2692, 4, '45.46883770', '11.01665740'),
(2693, 4, '45.46892210', '11.01636700'),
(2694, 4, '45.46897620', '11.01625140'),
(2695, 4, '45.46906920', '11.01608950'),
(2696, 4, '45.46920290', '11.01595140'),
(2697, 4, '45.46936150', '11.01587980'),
(2698, 4, '45.46964020', '11.01581430'),
(2699, 4, '45.47011920', '11.01568800'),
(2700, 4, '45.47022080', '11.01566120'),
(2701, 4, '45.47075000', '11.01551220'),
(2702, 4, '45.47116950', '11.01540600'),
(2703, 4, '45.47125030', '11.01540730'),
(2704, 4, '45.47145970', '11.01541110'),
(2705, 4, '45.47158200', '11.01543020'),
(2706, 4, '45.47161910', '11.01543280'),
(2707, 4, '45.47186730', '11.01546000'),
(2708, 4, '45.47212210', '11.01548760'),
(2709, 4, '45.47218050', '11.01549780'),
(2710, 4, '45.47243390', '11.01554710'),
(2711, 4, '45.47249120', '11.01557300'),
(2712, 4, '45.47255190', '11.01560040'),
(2713, 4, '45.47279930', '11.01573840'),
(2714, 4, '45.47301990', '11.01590670'),
(2715, 4, '45.47314400', '11.01603350'),
(2716, 4, '45.47331460', '11.01624600'),
(2717, 4, '45.47341270', '11.01642740'),
(2718, 4, '45.47347270', '11.01653770'),
(2719, 4, '45.47358520', '11.01671540'),
(2720, 4, '45.47370830', '11.01685730'),
(2721, 4, '45.47384160', '11.01695730'),
(2722, 4, '45.47400280', '11.01703430'),
(2723, 4, '45.47411580', '11.01705570'),
(2724, 4, '45.47426090', '11.01707050'),
(2725, 4, '45.47442940', '11.01710540'),
(2726, 4, '45.47489460', '11.01726750'),
(2727, 4, '45.47507810', '11.01733230'),
(2728, 4, '45.47519760', '11.01738360'),
(2729, 4, '45.47540960', '11.01745640'),
(2730, 4, '45.47558140', '11.01751240'),
(2731, 4, '45.47578700', '11.01761640'),
(2732, 4, '45.47588850', '11.01774200'),
(2733, 4, '45.47598200', '11.01806430'),
(2734, 4, '45.47609440', '11.01849860'),
(2735, 4, '45.47618420', '11.01874270'),
(2736, 4, '45.47623670', '11.01885960'),
(2737, 4, '45.47627280', '11.01901010'),
(2738, 4, '45.47627800', '11.01909800'),
(2739, 4, '45.47627330', '11.01917680'),
(2740, 4, '45.47622220', '11.01927400'),
(2741, 4, '45.47619210', '11.01938580'),
(2742, 4, '45.47618440', '11.01950510'),
(2743, 4, '45.47619980', '11.01962280'),
(2744, 4, '45.47622380', '11.01969980'),
(2745, 4, '45.47625770', '11.01976880'),
(2746, 4, '45.47630020', '11.01982720'),
(2747, 4, '45.47634980', '11.01987290'),
(2748, 4, '45.47640470', '11.01990420'),
(2749, 4, '45.47646560', '11.01992020'),
(2750, 4, '45.47652760', '11.01991840'),
(2751, 4, '45.47658800', '11.01989890'),
(2752, 4, '45.47664440', '11.01986240'),
(2753, 4, '45.47668310', '11.01982440'),
(2754, 4, '45.47673730', '11.01974330'),
(2755, 4, '45.47677530', '11.01964520'),
(2756, 4, '45.47679450', '11.01953650'),
(2757, 4, '45.47679370', '11.01942450'),
(2758, 4, '45.47675960', '11.01927670'),
(2759, 4, '45.47677690', '11.01910340'),
(2760, 4, '45.47681170', '11.01896120'),
(2761, 4, '45.47688320', '11.01881360'),
(2762, 4, '45.47694990', '11.01874390'),
(2763, 4, '45.47703270', '11.01868750'),
(2764, 4, '45.47713990', '11.01867820'),
(2765, 4, '45.47728950', '11.01870490'),
(2766, 4, '45.47738820', '11.01877870'),
(2767, 4, '45.47749460', '11.01894130'),
(2768, 4, '45.47755830', '11.01911540'),
(2769, 4, '45.47764560', '11.01947850'),
(2770, 4, '45.47770060', '11.01960350'),
(2771, 4, '45.47777280', '11.01972030'),
(2772, 4, '45.47793110', '11.01988160'),
(2773, 4, '45.47809340', '11.01998180'),
(2774, 4, '45.47829610', '11.02006350'),
(2775, 4, '45.47865170', '11.02009790'),
(2776, 4, '45.47893190', '11.02002900'),
(2777, 4, '45.47918320', '11.01995320'),
(2778, 4, '45.47953360', '11.01979480'),
(2779, 4, '45.47967200', '11.01971840'),
(2780, 4, '45.47983380', '11.01962730'),
(2781, 4, '45.47994490', '11.01956870'),
(2782, 4, '45.48000430', '11.01953950'),
(2783, 4, '45.48002570', '11.01952740'),
(2784, 4, '45.48041270', '11.01932010'),
(2785, 4, '45.48080490', '11.01910850'),
(2786, 4, '45.48129410', '11.01885000'),
(2787, 4, '45.48145630', '11.01877060'),
(2788, 4, '45.48164220', '11.01870050'),
(2789, 4, '45.48177360', '11.01867230'),
(2790, 4, '45.48192080', '11.01865280'),
(2791, 4, '45.48208200', '11.01863790'),
(2792, 4, '45.48224500', '11.01864920'),
(2793, 4, '45.48241020', '11.01867280'),
(2794, 4, '45.48260550', '11.01873120'),
(2795, 4, '45.48279600', '11.01880600'),
(2796, 4, '45.48315130', '11.01899110'),
(2797, 4, '45.48328450', '11.01905660'),
(2798, 4, '45.48361700', '11.01920620'),
(2799, 4, '45.48404090', '11.01935010'),
(2800, 4, '45.48421100', '11.01936430'),
(2801, 4, '45.48422480', '11.01936500'),
(2802, 4, '45.48446470', '11.01937630'),
(2803, 4, '45.48470350', '11.01932850'),
(2804, 4, '45.48512750', '11.01919890'),
(2805, 4, '45.48516810', '11.01918480'),
(2806, 4, '45.48550320', '11.01906810'),
(2807, 4, '45.48598080', '11.01890570'),
(2808, 4, '45.48647440', '11.01879600'),
(2809, 4, '45.48690090', '11.01879010'),
(2810, 4, '45.48709080', '11.01881060'),
(2811, 4, '45.48729760', '11.01883300'),
(2812, 4, '45.48773170', '11.01888670'),
(2813, 4, '45.48791210', '11.01891950'),
(2814, 4, '45.48808180', '11.01897070'),
(2815, 4, '45.48812150', '11.01898480'),
(2816, 4, '45.48843680', '11.01909680'),
(2817, 4, '45.48863050', '11.01925760'),
(2818, 4, '45.48876240', '11.01943330'),
(2819, 4, '45.48878940', '11.01952360'),
(2820, 4, '45.48883740', '11.01959400'),
(2821, 4, '45.48890000', '11.01963490'),
(2822, 4, '45.48896870', '11.01964080'),
(2823, 4, '45.48901530', '11.01962360'),
(2824, 4, '45.48905730', '11.01959000'),
(2825, 4, '45.48909190', '11.01954230'),
(2826, 4, '45.48911680', '11.01948350'),
(2827, 4, '45.48913050', '11.01941770'),
(2828, 4, '45.48913280', '11.01937840'),
(2829, 4, '45.48914350', '11.01928920'),
(2830, 4, '45.48918110', '11.01921410'),
(2831, 4, '45.48922810', '11.01915780'),
(2832, 4, '45.48929200', '11.01911760'),
(2833, 4, '45.48935870', '11.01909230'),
(2834, 4, '45.48946970', '11.01911620'),
(2835, 4, '45.48993150', '11.01928140'),
(2836, 4, '45.49005570', '11.01934040'),
(2837, 4, '45.49013390', '11.01937760'),
(2838, 4, '45.49027500', '11.01946090'),
(2839, 4, '45.49048060', '11.01955650'),
(2840, 4, '45.49076200', '11.01968300'),
(2841, 4, '45.49086440', '11.01975990'),
(2842, 4, '45.49095590', '11.01983120'),
(2843, 4, '45.49096840', '11.01987330'),
(2844, 4, '45.49098760', '11.01990410'),
(2845, 4, '45.49100830', '11.01992250'),
(2846, 4, '45.49103070', '11.01993240'),
(2847, 4, '45.49105980', '11.01993320'),
(2848, 4, '45.49109260', '11.01991750'),
(2849, 4, '45.49112010', '11.01988430'),
(2850, 4, '45.49113430', '11.01984890'),
(2851, 4, '45.49114050', '11.01980470'),
(2852, 4, '45.49119020', '11.01973650'),
(2853, 4, '45.49124830', '11.01966460'),
(2854, 4, '45.49173060', '11.01951280'),
(2855, 4, '45.49221550', '11.01932790'),
(2856, 4, '45.49242340', '11.01922620'),
(2857, 4, '45.49263200', '11.01915670'),
(2858, 4, '45.49272790', '11.01912600'),
(2859, 4, '45.49302740', '11.01904500'),
(2860, 4, '45.49361630', '11.01888830'),
(2861, 4, '45.49380830', '11.01887940'),
(2862, 4, '45.49403700', '11.01886400'),
(2863, 4, '45.49427600', '11.01887800'),
(2864, 4, '45.49467130', '11.01895470'),
(2865, 4, '45.49477580', '11.01897080'),
(2866, 4, '45.49506730', '11.01901480'),
(2867, 4, '45.49521990', '11.01903780'),
(2868, 4, '45.49550620', '11.01906090'),
(2869, 4, '45.49583010', '11.01905080'),
(2870, 4, '45.49615380', '11.01900420'),
(2871, 4, '45.49625330', '11.01899880'),
(2872, 4, '45.49647200', '11.01898700'),
(2873, 4, '45.49674910', '11.01894390'),
(2874, 4, '45.49692320', '11.01887950'),
(2875, 4, '45.49703400', '11.01881810'),
(2876, 4, '45.49705630', '11.01880570'),
(2877, 4, '45.49742160', '11.01857260'),
(2878, 4, '45.49753390', '11.01849770'),
(2879, 4, '45.49766500', '11.01838130'),
(2880, 4, '45.49768890', '11.01836330'),
(2881, 4, '45.49776870', '11.01831350'),
(2882, 4, '45.49866370', '11.01775480'),
(2883, 4, '45.49890930', '11.01762750'),
(2884, 4, '45.49914260', '11.01755340'),
(2885, 4, '45.49925330', '11.01752300'),
(2886, 4, '45.49935540', '11.01749250'),
(2887, 4, '45.49941350', '11.01747510'),
(2888, 4, '45.49988500', '11.01733420'),
(2889, 4, '45.50006570', '11.01727840'),
(2890, 4, '45.50024610', '11.01722700'),
(2891, 4, '45.50049300', '11.01715360'),
(2892, 4, '45.50073670', '11.01711940'),
(2893, 4, '45.50087280', '11.01711590'),
(2894, 4, '45.50110100', '11.01716050'),
(2895, 4, '45.50150920', '11.01720160'),
(2896, 4, '45.50189280', '11.01719850'),
(2897, 4, '45.50248380', '11.01715390'),
(2898, 4, '45.50289980', '11.01713450'),
(2899, 4, '45.50339440', '11.01711880'),
(2900, 4, '45.50352720', '11.01711460'),
(2901, 4, '45.50390950', '11.01710240'),
(2902, 4, '45.50422720', '11.01710240'),
(2903, 4, '45.50424640', '11.01710240'),
(2904, 4, '45.50449280', '11.01708420'),
(2905, 4, '45.50496450', '11.01699330'),
(2906, 4, '45.50518130', '11.01694440'),
(2907, 4, '45.50539760', '11.01689560'),
(2908, 4, '45.50575870', '11.01681570'),
(2909, 4, '45.50612920', '11.01680200'),
(2910, 4, '45.50715780', '11.01692220'),
(2911, 4, '45.50761490', '11.01698230'),
(2912, 4, '45.50797570', '11.01696810'),
(2913, 4, '45.50827060', '11.01695650'),
(2914, 4, '45.50850840', '11.01693040'),
(2915, 4, '45.50905250', '11.01687070'),
(2916, 4, '45.50926910', '11.01684500'),
(2917, 4, '45.51084480', '11.01670910'),
(2918, 4, '45.51164610', '11.01658030'),
(2919, 4, '45.51192160', '11.01653600'),
(2920, 4, '45.51266220', '11.01634750'),
(2921, 4, '45.51300220', '11.01626430'),
(2922, 4, '45.51318470', '11.01621840'),
(2923, 4, '45.51333290', '11.01620210'),
(2924, 4, '45.51380050', '11.01612820'),
(2925, 4, '45.51452360', '11.01611350'),
(2926, 4, '45.51476990', '11.01614240'),
(2927, 4, '45.51513010', '11.01615530'),
(2928, 4, '45.51531710', '11.01617340'),
(2929, 4, '45.51537100', '11.01617860'),
(2930, 4, '45.51587180', '11.01622190'),
(2931, 4, '45.51600100', '11.01623290'),
(2932, 4, '45.51632420', '11.01628710'),
(2933, 4, '45.51637870', '11.01628840'),
(2934, 4, '45.51755220', '11.01632940'),
(2935, 4, '45.51762260', '11.01634200'),
(2936, 4, '45.51805300', '11.01637550'),
(2937, 4, '45.51808160', '11.01637530'),
(2938, 4, '45.51843630', '11.01637900'),
(2939, 4, '45.51847270', '11.01637940'),
(2940, 4, '45.51854560', '11.01638270'),
(2941, 4, '45.51864320', '11.01643710'),
(2942, 4, '45.51872500', '11.01649260'),
(2943, 4, '45.51886410', '11.01645380'),
(2944, 4, '45.51896410', '11.01646690'),
(2945, 4, '45.51903380', '11.01647970'),
(2946, 4, '45.51930170', '11.01651930'),
(2947, 4, '45.51946520', '11.01655950'),
(2948, 4, '45.51950540', '11.01656600'),
(2949, 4, '45.52006270', '11.01670080'),
(2950, 4, '45.52026220', '11.01671300'),
(2951, 4, '45.52027750', '11.01674850'),
(2952, 4, '45.52036150', '11.01694560'),
(2953, 4, '45.52059230', '11.01729300'),
(2954, 4, '45.52096760', '11.01767800'),
(2955, 4, '45.52121020', '11.01752650'),
(2956, 4, '45.52135920', '11.01746740'),
(2957, 4, '45.52197030', '11.01721490'),
(2958, 4, '45.52260270', '11.01697370'),
(2959, 4, '45.52280830', '11.01687580'),
(2960, 4, '45.52301160', '11.01678490'),
(2961, 4, '45.52435730', '11.01576260'),
(2962, 4, '45.52456910', '11.01560900'),
(2963, 4, '45.52514730', '11.01518590'),
(2964, 4, '45.52535390', '11.01503490'),
(2965, 4, '45.52541790', '11.01499150'),
(2966, 4, '45.52565520', '11.01482120'),
(2967, 4, '45.52591630', '11.01467380'),
(2968, 4, '45.52610850', '11.01457900'),
(2969, 4, '45.52649650', '11.01442910'),
(2970, 4, '45.52683600', '11.01430440'),
(2971, 4, '45.52735850', '11.01395690'),
(2972, 4, '45.52765410', '11.01371870'),
(2973, 4, '45.52778000', '11.01360470'),
(2974, 4, '45.52811210', '11.01331450'),
(2975, 4, '45.52815490', '11.01327710'),
(2976, 4, '45.52847400', '11.01298680'),
(2977, 4, '45.52885910', '11.01263940'),
(2978, 4, '45.52912410', '11.01240720'),
(2979, 4, '45.52934870', '11.01221390'),
(2980, 4, '45.52960020', '11.01198460'),
(2981, 4, '45.52978840', '11.01182000'),
(2982, 4, '45.52988220', '11.01171850'),
(2983, 4, '45.52991050', '11.01167620'),
(2984, 4, '45.52996010', '11.01155260'),
(2985, 4, '45.52999230', '11.01141020'),
(2986, 4, '45.53003520', '11.01117830'),
(2987, 4, '45.53006000', '11.01099700'),
(2988, 4, '45.53005360', '11.01083130'),
(2989, 4, '45.52998970', '11.01065430'),
(2990, 4, '45.52973040', '11.01021980'),
(2991, 4, '45.52965180', '11.01013360'),
(2992, 4, '45.52950120', '11.00999990'),
(2993, 4, '45.52943730', '11.00986040'),
(2994, 4, '45.52939310', '11.00977430'),
(2995, 4, '45.52938330', '11.00969210'),
(2996, 4, '45.52938890', '11.00961080'),
(2997, 4, '45.52942900', '11.00952780'),
(2998, 4, '45.52946520', '11.00944830'),
(2999, 4, '45.52951970', '11.00925370'),
(3000, 4, '45.52959380', '11.00914520'),
(3001, 4, '45.52961740', '11.00911360'),
(3002, 4, '45.52969960', '11.00900040'),
(3003, 4, '45.52979680', '11.00888250'),
(3004, 4, '45.52989540', '11.00876160'),
(3005, 4, '45.52994310', '11.00863030'),
(3006, 4, '45.52998790', '11.00848370'),
(3007, 4, '45.53000930', '11.00842290'),
(3008, 4, '45.53003770', '11.00843750'),
(3009, 4, '45.53006770', '11.00843970'),
(3010, 4, '45.53009700', '11.00842950'),
(3011, 4, '45.53012880', '11.00840040'),
(3012, 4, '45.53015120', '11.00835690'),
(3013, 4, '45.53016120', '11.00830480'),
(3014, 4, '45.53027340', '11.00831710'),
(3015, 4, '45.53034380', '11.00831800'),
(3016, 4, '45.53044410', '11.00829880'),
(3017, 4, '45.53046250', '11.00829630'),
(3018, 4, '45.53054350', '11.00824950'),
(3019, 4, '45.53078260', '11.00805250'),
(3020, 4, '45.53109320', '11.00780600'),
(3021, 4, '45.53127210', '11.00764660'),
(3022, 4, '45.53148510', '11.00739400'),
(3023, 4, '45.53160610', '11.00723550'),
(3024, 4, '45.53186270', '11.00683840'),
(3025, 4, '45.53213750', '11.00643730'),
(3026, 4, '45.53218590', '11.00637410'),
(3027, 4, '45.53235650', '11.00617110'),
(3028, 4, '45.53249870', '11.00600140'),
(3029, 4, '45.53278230', '11.00568320'),
(3030, 4, '45.53307550', '11.00539760'),
(3031, 4, '45.53338990', '11.00511090'),
(3032, 4, '45.53357510', '11.00494210'),
(3033, 4, '45.53362130', '11.00490360'),
(3034, 4, '45.53369050', '11.00484590'),
(3035, 4, '45.53400580', '11.00458630'),
(3036, 4, '45.53427470', '11.00438800'),
(3037, 4, '45.53457440', '11.00423640'),
(3038, 4, '45.53495270', '11.00411200'),
(3039, 4, '45.53544550', '11.00399660'),
(3040, 4, '45.53552770', '11.00398170'),
(3041, 4, '45.53563250', '11.00396180'),
(3042, 4, '45.53572910', '11.00395160'),
(3043, 4, '45.53665440', '11.00386960'),
(3044, 4, '45.53680710', '11.00385530'),
(3045, 4, '45.53756410', '11.00378770'),
(3046, 4, '45.53767120', '11.00377720'),
(3047, 4, '45.53780280', '11.00376440'),
(3048, 4, '45.53809330', '11.00372650'),
(3049, 4, '45.53930340', '11.00357660'),
(3050, 4, '45.53979020', '11.00350670'),
(3051, 4, '45.54003150', '11.00347920'),
(3052, 4, '45.54024800', '11.00344880'),
(3053, 4, '45.54110380', '11.00336240'),
(3054, 4, '45.54163020', '11.00331430'),
(3055, 4, '45.54169340', '11.00330850'),
(3056, 4, '45.54182930', '11.00328940'),
(3057, 4, '45.54192830', '11.00327550'),
(3058, 4, '45.54246390', '11.00320310'),
(3059, 4, '45.54275710', '11.00314010'),
(3060, 4, '45.54306480', '11.00307600'),
(3061, 4, '45.54317680', '11.00305270'),
(3062, 4, '45.54384810', '11.00291090'),
(3063, 4, '45.54393670', '11.00289200'),
(3064, 4, '45.54453030', '11.00277400'),
(3065, 4, '45.54498300', '11.00272300'),
(3066, 4, '45.54530610', '11.00270160'),
(3067, 4, '45.54541340', '11.00272580'),
(3068, 4, '45.54551090', '11.00276320'),
(3069, 4, '45.54556330', '11.00280040'),
(3070, 4, '45.54565740', '11.00286720'),
(3071, 4, '45.54575370', '11.00332530'),
(3072, 4, '45.54580870', '11.00352530'),
(3073, 4, '45.54593040', '11.00369900'),
(3074, 4, '45.54604200', '11.00381450'),
(3075, 4, '45.54604540', '11.00381800'),
(3076, 4, '45.54623580', '11.00388860'),
(3077, 4, '45.54655480', '11.00389250'),
(3078, 4, '45.54688430', '11.00387190'),
(3079, 4, '45.54707000', '11.00380750'),
(3080, 4, '45.43050580', '10.98755930'),
(3081, 4, '45.43052370', '10.98760730'),
(3082, 4, '45.43053850', '10.98765120'),
(3083, 4, '45.43055950', '10.98763640'),
(3084, 4, '45.43057800', '10.98761450'),
(3085, 4, '45.43059900', '10.98757990'),
(3086, 4, '45.43060300', '10.98757140'),
(3087, 4, '45.43060570', '10.98756310'),
(3088, 4, '45.43060670', '10.98755920'),
(3089, 4, '45.43060740', '10.98755460'),
(3090, 4, '45.43060800', '10.98755060'),
(3091, 4, '45.43060820', '10.98754620'),
(3092, 4, '45.43059480', '10.98746280'),
(3093, 4, '45.43055920', '10.98724350'),
(3094, 4, '45.43045470', '10.98671110'),
(3095, 4, '45.43041990', '10.98652730'),
(3096, 4, '45.43032570', '10.98621110'),
(3097, 4, '45.43020370', '10.98554870'),
(3098, 4, '45.43015680', '10.98533230'),
(3099, 4, '45.43011220', '10.98510630'),
(3100, 4, '45.43004890', '10.98480120'),
(3101, 4, '45.43004050', '10.98457320'),
(3102, 4, '45.43008010', '10.98441000'),
(3103, 4, '45.43011620', '10.98423540'),
(3104, 4, '45.43019440', '10.98405730'),
(3105, 4, '45.43023860', '10.98393550'),
(3106, 4, '45.43033380', '10.98370340'),
(3107, 4, '45.43062790', '10.98302420'),
(3108, 4, '45.43067890', '10.98291260'),
(3109, 4, '45.43070150', '10.98285930'),
(3110, 4, '45.43073910', '10.98276760'),
(3111, 4, '45.43087580', '10.98255180'),
(3112, 4, '45.43073120', '10.98243310'),
(3113, 4, '45.43058850', '10.98225260'),
(3114, 4, '45.43031440', '10.98236570'),
(3115, 4, '45.43018270', '10.98241800'),
(3116, 4, '45.42970600', '10.98260740'),
(3117, 4, '45.42966100', '10.98264060'),
(3118, 4, '45.42961750', '10.98267840'),
(3119, 4, '45.42959620', '10.98271470'),
(3120, 4, '45.42958020', '10.98274930'),
(3121, 4, '45.42957440', '10.98280060'),
(3122, 4, '45.42957250', '10.98287610'),
(3123, 4, '45.42962630', '10.98317790'),
(3124, 4, '45.42977670', '10.98399610'),
(3125, 4, '45.42984110', '10.98434100'),
(3126, 4, '45.42996450', '10.98488580'),
(3127, 4, '45.43000120', '10.98508450'),
(3128, 4, '45.43001540', '10.98517440'),
(3129, 4, '45.43002980', '10.98525070'),
(3130, 4, '45.43008740', '10.98555570'),
(3131, 4, '45.43018010', '10.98605280'),
(3132, 4, '45.43024790', '10.98641630'),
(3133, 4, '45.43027430', '10.98655240'),
(3134, 4, '45.43031950', '10.98678550'),
(3135, 4, '45.43037780', '10.98708640'),
(3136, 4, '45.43040840', '10.98724400'),
(3137, 4, '45.43041720', '10.98729210'),
(3138, 4, '45.43050580', '10.98755930'),
(3139, 4, '45.31692560', '10.94224120'),
(3140, 4, '45.31698970', '10.94237630'),
(3141, 4, '45.31732140', '10.94307600'),
(3142, 4, '45.31747280', '10.94334620'),
(3143, 4, '45.31751730', '10.94343180'),
(3144, 4, '45.31759660', '10.94358450'),
(3145, 4, '45.31770800', '10.94379900'),
(3146, 4, '45.31774010', '10.94386070'),
(3147, 4, '45.31785660', '10.94409110'),
(3148, 4, '45.31793620', '10.94423430'),
(3149, 4, '45.31798870', '10.94434170'),
(3150, 4, '45.31809280', '10.94454040'),
(3151, 4, '45.31835130', '10.94501960'),
(3152, 4, '45.31854790', '10.94538410'),
(3153, 4, '45.31861350', '10.94545580'),
(3154, 4, '45.31870010', '10.94556230'),
(3155, 4, '45.31888970', '10.94573530'),
(3156, 4, '45.31909050', '10.94585600'),
(3157, 4, '45.31944230', '10.94602630'),
(3158, 4, '45.32005520', '10.94632670'),
(3159, 4, '45.32085720', '10.94672430'),
(3160, 4, '45.32092050', '10.94675930'),
(3161, 4, '45.32111450', '10.94687290'),
(3162, 4, '45.32123890', '10.94692170'),
(3163, 4, '45.32142460', '10.94698120'),
(3164, 4, '45.32159170', '10.94702740'),
(3165, 4, '45.32172110', '10.94705010'),
(3166, 4, '45.32185990', '10.94706740'),
(3167, 4, '45.32219460', '10.94707440'),
(3168, 4, '45.32229820', '10.94707840'),
(3169, 4, '45.32258890', '10.94709640'),
(3170, 4, '45.32275380', '10.94712230'),
(3171, 4, '45.32290940', '10.94715110'),
(3172, 4, '45.32323110', '10.94725030'),
(3173, 4, '45.32387450', '10.94744870'),
(3174, 4, '45.32596530', '10.94806000'),
(3175, 4, '45.32618180', '10.94813560'),
(3176, 4, '45.32679170', '10.94835980'),
(3177, 4, '45.32732690', '10.94861770'),
(3178, 4, '45.32797380', '10.94893690'),
(3179, 4, '45.32869460', '10.94929560'),
(3180, 4, '45.32934810', '10.94963600'),
(3181, 4, '45.32973810', '10.94999170'),
(3182, 4, '45.32974320', '10.95004920'),
(3183, 4, '45.32976030', '10.95010180'),
(3184, 4, '45.32978780', '10.95014460'),
(3185, 4, '45.32982300', '10.95017360'),
(3186, 4, '45.32985840', '10.95018560'),
(3187, 4, '45.32989480', '10.95018360'),
(3188, 4, '45.32992940', '10.95016760'),
(3189, 4, '45.32995970', '10.95013890'),
(3190, 4, '45.32998420', '10.95009770'),
(3191, 4, '45.32999960', '10.95004830'),
(3192, 4, '45.33000460', '10.94999470'),
(3193, 4, '45.33009260', '10.94986340'),
(3194, 4, '45.33015860', '10.94986090'),
(3195, 4, '45.33027810', '10.94984440'),
(3196, 4, '45.33041260', '10.94980530'),
(3197, 4, '45.33057220', '10.94973440'),
(3198, 4, '45.33085430', '10.94959680'),
(3199, 4, '45.33123300', '10.94944500'),
(3200, 4, '45.33192730', '10.94923920'),
(3201, 4, '45.33200130', '10.94921470'),
(3202, 4, '45.33220950', '10.94916720'),
(3203, 4, '45.33250840', '10.94913090'),
(3204, 4, '45.33353790', '10.94905140'),
(3205, 4, '45.33397310', '10.94903910'),
(3206, 4, '45.33431450', '10.94901240'),
(3207, 4, '45.33465030', '10.94895130'),
(3208, 4, '45.33493910', '10.94890580'),
(3209, 4, '45.33517310', '10.94889070'),
(3210, 4, '45.33554190', '10.94889230'),
(3211, 4, '45.33595370', '10.94889490'),
(3212, 4, '45.33622380', '10.94885740'),
(3213, 4, '45.33637080', '10.94883300'),
(3214, 4, '45.33653660', '10.94877920'),
(3215, 4, '45.33684840', '10.94865770'),
(3216, 4, '45.33704220', '10.94855250'),
(3217, 4, '45.33733270', '10.94837110'),
(3218, 4, '45.33769830', '10.94809760'),
(3219, 4, '45.33817330', '10.94774980'),
(3220, 4, '45.33841640', '10.94759490'),
(3221, 4, '45.33858630', '10.94751960'),
(3222, 4, '45.33952710', '10.94702930'),
(3223, 4, '45.33972800', '10.94694240'),
(3224, 4, '45.33983190', '10.94689200'),
(3225, 4, '45.34051610', '10.94662730'),
(3226, 4, '45.34060700', '10.94657720'),
(3227, 4, '45.34072180', '10.94646510'),
(3228, 4, '45.34083300', '10.94635040'),
(3229, 4, '45.34094650', '10.94621090'),
(3230, 4, '45.34104970', '10.94608420'),
(3231, 4, '45.34141150', '10.94560310'),
(3232, 4, '45.34170250', '10.94525090'),
(3233, 4, '45.34192290', '10.94505250'),
(3234, 4, '45.34209570', '10.94489050'),
(3235, 4, '45.34218100', '10.94479970'),
(3236, 4, '45.34226630', '10.94469280'),
(3237, 4, '45.34252620', '10.94427020'),
(3238, 4, '45.34283060', '10.94380880'),
(3239, 4, '45.34302230', '10.94357550'),
(3240, 4, '45.34325720', '10.94332290'),
(3241, 4, '45.34341310', '10.94316840'),
(3242, 4, '45.34357560', '10.94305490'),
(3243, 4, '45.34380570', '10.94291410'),
(3244, 4, '45.34390760', '10.94286280'),
(3245, 4, '45.34403050', '10.94280670'),
(3246, 4, '45.34425050', '10.94274610'),
(3247, 4, '45.34472990', '10.94269920'),
(3248, 4, '45.34515500', '10.94265760'),
(3249, 4, '45.34552370', '10.94269150'),
(3250, 4, '45.34575090', '10.94268220'),
(3251, 4, '45.34615850', '10.94267550'),
(3252, 4, '45.34634240', '10.94268690'),
(3253, 4, '45.34647890', '10.94277180'),
(3254, 4, '45.34687340', '10.94341330'),
(3255, 4, '45.34721520', '10.94371290'),
(3256, 4, '45.34742020', '10.94389480'),
(3257, 4, '45.34755460', '10.94401600'),
(3258, 4, '45.34770370', '10.94417640'),
(3259, 4, '45.34775570', '10.94424320'),
(3260, 4, '45.34796300', '10.94450920'),
(3261, 4, '45.34814770', '10.94478670'),
(3262, 4, '45.34824950', '10.94504320'),
(3263, 4, '45.34825610', '10.94507690'),
(3264, 4, '45.34829700', '10.94528570'),
(3265, 4, '45.34876650', '10.94495370'),
(3266, 4, '45.34881810', '10.94492400'),
(3267, 4, '45.34904700', '10.94476210'),
(3268, 4, '45.34933480', '10.94456280'),
(3269, 4, '45.34947610', '10.94446150'),
(3270, 4, '45.34961410', '10.94436860'),
(3271, 4, '45.34981380', '10.94422610'),
(3272, 4, '45.34991210', '10.94414110'),
(3273, 4, '45.34992940', '10.94415780'),
(3274, 4, '45.34994960', '10.94416570'),
(3275, 4, '45.34997040', '10.94416400'),
(3276, 4, '45.34998980', '10.94415290'),
(3277, 4, '45.35000570', '10.94413350'),
(3278, 4, '45.35001710', '10.94410510'),
(3279, 4, '45.35002080', '10.94407270'),
(3280, 4, '45.35001620', '10.94404060'),
(3281, 4, '45.35000410', '10.94401280'),
(3282, 4, '45.34998580', '10.94399290'),
(3283, 4, '45.34996380', '10.94398340'),
(3284, 4, '45.34994080', '10.94398550'),
(3285, 4, '45.34992060', '10.94388950'),
(3286, 4, '45.34989050', '10.94344530'),
(3287, 4, '45.34988650', '10.94341370'),
(3288, 4, '45.34987760', '10.94334430'),
(3289, 4, '45.34982850', '10.94296020'),
(3290, 4, '45.34978440', '10.94242540'),
(3291, 4, '45.34974790', '10.94070700'),
(3292, 4, '45.35008840', '10.94063520'),
(3293, 4, '45.35112550', '10.94047650'),
(3294, 4, '45.35181600', '10.94040340'),
(3295, 4, '45.35222320', '10.94034490'),
(3296, 4, '45.35261820', '10.94021950'),
(3297, 4, '45.35337820', '10.93987210'),
(3298, 4, '45.35341460', '10.93985550'),
(3299, 4, '45.35390540', '10.93966150'),
(3300, 4, '45.35434950', '10.93945210'),
(3301, 4, '45.35477170', '10.93922890'),
(3302, 4, '45.35500090', '10.93904870'),
(3303, 4, '45.35526630', '10.93879120'),
(3304, 4, '45.35546530', '10.93856800'),
(3305, 4, '45.35563130', '10.93828540'),
(3306, 4, '45.35577210', '10.93794030'),
(3307, 4, '45.35584860', '10.93765820'),
(3308, 4, '45.35586620', '10.93741840'),
(3309, 4, '45.35586960', '10.93721810'),
(3310, 4, '45.35583230', '10.93680850'),
(3311, 4, '45.35573490', '10.93606000'),
(3312, 4, '45.35575770', '10.93592010'),
(3313, 4, '45.35579660', '10.93579810'),
(3314, 4, '45.35587160', '10.93572290'),
(3315, 4, '45.35606340', '10.93566080'),
(3316, 4, '45.35653770', '10.93556390'),
(3317, 4, '45.35712620', '10.93543160'),
(3318, 4, '45.35729550', '10.93537130'),
(3319, 4, '45.35745540', '10.93531480'),
(3320, 4, '45.35757530', '10.93531540'),
(3321, 4, '45.35759410', '10.93534850'),
(3322, 4, '45.35762040', '10.93536010'),
(3323, 4, '45.35763140', '10.93547820'),
(3324, 4, '45.35763770', '10.93568750'),
(3325, 4, '45.35764490', '10.93595330'),
(3326, 4, '45.35761390', '10.93639730'),
(3327, 4, '45.35757600', '10.93695980'),
(3328, 4, '45.35735370', '10.93969250'),
(3329, 4, '45.35716290', '10.94206260'),
(3330, 4, '45.35703100', '10.94369820'),
(3331, 4, '45.35702860', '10.94372840'),
(3332, 4, '45.35693530', '10.94492580'),
(3333, 4, '45.35686110', '10.94581280'),
(3334, 4, '45.35682750', '10.94621440'),
(3335, 4, '45.35681120', '10.94640950'),
(3336, 4, '45.35679900', '10.94657030'),
(3337, 4, '45.35668400', '10.94808950'),
(3338, 4, '45.35658250', '10.94942920'),
(3339, 4, '45.35656380', '10.94968890'),
(3340, 4, '45.35651690', '10.95034160'),
(3341, 4, '45.35648920', '10.95073610'),
(3342, 4, '45.35640950', '10.95187160'),
(3343, 4, '45.35637320', '10.95238960'),
(3344, 4, '45.35635900', '10.95252560'),
(3345, 4, '45.35628850', '10.95320190'),
(3346, 4, '45.35620950', '10.95366810'),
(3347, 4, '45.35617410', '10.95387480'),
(3348, 4, '45.35606870', '10.95437550'),
(3349, 4, '45.35604190', '10.95451290'),
(3350, 4, '45.35582630', '10.95561740'),
(3351, 4, '45.35577880', '10.95593040'),
(3352, 4, '45.35571490', '10.95635190'),
(3353, 4, '45.35572680', '10.95659150'),
(3354, 4, '45.35571860', '10.95665680'),
(3355, 4, '45.35570640', '10.95672230'),
(3356, 4, '45.35569410', '10.95672600'),
(3357, 4, '45.35568330', '10.95673170'),
(3358, 4, '45.35566610', '10.95674650'),
(3359, 4, '45.35565120', '10.95676830'),
(3360, 4, '45.35564200', '10.95679010'),
(3361, 4, '45.35563850', '10.95680310'),
(3362, 4, '45.35563550', '10.95682060'),
(3363, 4, '45.35563640', '10.95686350'),
(3364, 4, '45.35564340', '10.95689290'),
(3365, 4, '45.35565140', '10.95691100'),
(3366, 4, '45.35565930', '10.95692370'),
(3367, 4, '45.35567740', '10.95694260'),
(3368, 4, '45.35569430', '10.95695280'),
(3369, 4, '45.35571500', '10.95695750'),
(3370, 4, '45.35572420', '10.95695670'),
(3371, 4, '45.35574680', '10.95694990'),
(3372, 4, '45.35575940', '10.95694140'),
(3373, 4, '45.35577400', '10.95692590'),
(3374, 4, '45.35578440', '10.95690940'),
(3375, 4, '45.35585070', '10.95687760'),
(3376, 4, '45.35615500', '10.95678170'),
(3377, 4, '45.35662170', '10.95671300'),
(3378, 4, '45.35686970', '10.95669570'),
(3379, 4, '45.35714710', '10.95667280'),
(3380, 4, '45.35761060', '10.95670080'),
(3381, 4, '45.35764400', '10.95670550'),
(3382, 4, '45.35797850', '10.95675230'),
(3383, 4, '45.35810040', '10.95678250'),
(3384, 4, '45.35816920', '10.95680010'),
(3385, 4, '45.35825190', '10.95682110'),
(3386, 4, '45.35832380', '10.95683960'),
(3387, 4, '45.35853230', '10.95689290'),
(3388, 4, '45.35864990', '10.95692000'),
(3389, 4, '45.35873870', '10.95694210'),
(3390, 4, '45.35903660', '10.95701650'),
(3391, 4, '45.35911790', '10.95703680'),
(3392, 4, '45.35952530', '10.95713850'),
(3393, 4, '45.35960530', '10.95715850'),
(3394, 4, '45.35985180', '10.95721320'),
(3395, 4, '45.35987500', '10.95721840'),
(3396, 4, '45.36004780', '10.95725670'),
(3397, 4, '45.36083280', '10.95746500'),
(3398, 4, '45.36097790', '10.95750130'),
(3399, 4, '45.36105730', '10.95752110'),
(3400, 4, '45.36109750', '10.95753110'),
(3401, 4, '45.36146290', '10.95758130'),
(3402, 4, '45.36225080', '10.95773130'),
(3403, 4, '45.36249380', '10.95779340'),
(3404, 4, '45.36254850', '10.95781480'),
(3405, 4, '45.36257460', '10.95782500'),
(3406, 4, '45.36264480', '10.95785250'),
(3407, 4, '45.36273380', '10.95788740'),
(3408, 4, '45.36287760', '10.95797090'),
(3409, 4, '45.36309360', '10.95808690'),
(3410, 4, '45.36322010', '10.95817440'),
(3411, 4, '45.36352030', '10.95837550'),
(3412, 4, '45.36355920', '10.95840910'),
(3413, 4, '45.36376730', '10.95858890'),
(3414, 4, '45.36379890', '10.95861620'),
(3415, 4, '45.36399580', '10.95882220'),
(3416, 4, '45.36407560', '10.95888950'),
(3417, 4, '45.36417750', '10.95897990'),
(3418, 4, '45.36475530', '10.95949270'),
(3419, 4, '45.36525840', '10.95993930'),
(3420, 4, '45.36537790', '10.96004540'),
(3421, 4, '45.36617420', '10.96075210'),
(3422, 4, '45.36640710', '10.96095260'),
(3423, 4, '45.36699640', '10.96145990'),
(3424, 4, '45.36726530', '10.96168590'),
(3425, 4, '45.36731410', '10.96180280'),
(3426, 4, '45.36737490', '10.96194810'),
(3427, 4, '45.36737330', '10.96199280'),
(3428, 4, '45.36738180', '10.96203600'),
(3429, 4, '45.36739240', '10.96205830'),
(3430, 4, '45.36739940', '10.96207310'),
(3431, 4, '45.36742440', '10.96210040'),
(3432, 4, '45.36745410', '10.96211510'),
(3433, 4, '45.36748560', '10.96211570'),
(3434, 4, '45.36751560', '10.96210210'),
(3435, 4, '45.36754110', '10.96207580'),
(3436, 4, '45.36754590', '10.96206590'),
(3437, 4, '45.36771910', '10.96208130'),
(3438, 4, '45.36792380', '10.96227260'),
(3439, 4, '45.36797470', '10.96231470'),
(3440, 4, '45.36809380', '10.96241300'),
(3441, 4, '45.36835610', '10.96262610'),
(3442, 4, '45.36836290', '10.96263040'),
(3443, 4, '45.36867860', '10.96282780'),
(3444, 4, '45.36871020', '10.96284520'),
(3445, 4, '45.36902780', '10.96302050'),
(3446, 4, '45.36942510', '10.96323980'),
(3447, 4, '45.36956630', '10.96331780'),
(3448, 4, '45.36972490', '10.96340530'),
(3449, 4, '45.36995530', '10.96353250'),
(3450, 4, '45.37057480', '10.96383690'),
(3451, 4, '45.37099860', '10.96404520'),
(3452, 4, '45.37129080', '10.96418880'),
(3453, 4, '45.37203670', '10.96455860'),
(3454, 4, '45.37208370', '10.96458350'),
(3455, 4, '45.37366900', '10.96542220'),
(3456, 4, '45.37412760', '10.96566210'),
(3457, 4, '45.37428850', '10.96574120'),
(3458, 4, '45.37492610', '10.96610890'),
(3459, 4, '45.37504020', '10.96617700'),
(3460, 4, '45.37534840', '10.96636860'),
(3461, 4, '45.37628520', '10.96694250'),
(3462, 4, '45.37648880', '10.96706720'),
(3463, 4, '45.37648490', '10.96708650'),
(3464, 4, '45.37648970', '10.96713550'),
(3465, 4, '45.37650470', '10.96716380'),
(3466, 4, '45.37652520', '10.96718020'),
(3467, 4, '45.37654970', '10.96718390'),
(3468, 4, '45.37656840', '10.96717660'),
(3469, 4, '45.37658110', '10.96716530'),
(3470, 4, '45.37659270', '10.96714730'),
(3471, 4, '45.37659730', '10.96713570'),
(3472, 4, '45.37678260', '10.96724770'),
(3473, 4, '45.37694380', '10.96734900'),
(3474, 4, '45.37735310', '10.96760630'),
(3475, 4, '45.37784490', '10.96790710'),
(3476, 4, '45.37809650', '10.96806630'),
(3477, 4, '45.37824400', '10.96813830'),
(3478, 4, '45.37843370', '10.96819910'),
(3479, 4, '45.37858820', '10.96821250'),
(3480, 4, '45.37871350', '10.96819150'),
(3481, 4, '45.37890000', '10.96811580'),
(3482, 4, '45.38018680', '10.96740840'),
(3483, 4, '45.38067570', '10.96713960'),
(3484, 4, '45.38092190', '10.96706000'),
(3485, 4, '45.38106570', '10.96708330'),
(3486, 4, '45.38118640', '10.96716310'),
(3487, 4, '45.38128970', '10.96726550'),
(3488, 4, '45.38136840', '10.96735240'),
(3489, 4, '45.38145090', '10.96744570'),
(3490, 4, '45.38150270', '10.96757680'),
(3491, 4, '45.38154230', '10.96769480'),
(3492, 4, '45.38213700', '10.97031470'),
(3493, 4, '45.38217400', '10.97042790'),
(3494, 4, '45.38223750', '10.97050580'),
(3495, 4, '45.38233030', '10.97057110'),
(3496, 4, '45.38310920', '10.97102450'),
(3497, 4, '45.38446300', '10.97185940'),
(3498, 4, '45.38471880', '10.97202000'),
(3499, 4, '45.38490060', '10.97212400'),
(3500, 4, '45.38511010', '10.97224720'),
(3501, 4, '45.38515690', '10.97227340'),
(3502, 4, '45.38719080', '10.97349330'),
(3503, 4, '45.38756100', '10.97371540'),
(3504, 4, '45.38770740', '10.97380670'),
(3505, 4, '45.38777980', '10.97382390'),
(3506, 4, '45.38788960', '10.97379830'),
(3507, 4, '45.38795040', '10.97379430'),
(3508, 4, '45.38800220', '10.97379090'),
(3509, 4, '45.38807270', '10.97379950'),
(3510, 4, '45.38838050', '10.97397720'),
(3511, 4, '45.38860780', '10.97410850'),
(3512, 4, '45.38887120', '10.97426060'),
(3513, 4, '45.38900260', '10.97436270'),
(3514, 4, '45.38921320', '10.97455150'),
(3515, 4, '45.38945340', '10.97480690'),
(3516, 4, '45.38959530', '10.97492730'),
(3517, 4, '45.38975720', '10.97502910'),
(3518, 4, '45.38988010', '10.97515760'),
(3519, 4, '45.38993820', '10.97521020'),
(3520, 4, '45.38998920', '10.97527000'),
(3521, 4, '45.39002960', '10.97531980'),
(3522, 4, '45.39004440', '10.97537740'),
(3523, 4, '45.39005680', '10.97540410'),
(3524, 4, '45.39006960', '10.97542450'),
(3525, 4, '45.39010400', '10.97545950'),
(3526, 4, '45.39015210', '10.97548010'),
(3527, 4, '45.39019240', '10.97547850'),
(3528, 4, '45.39020630', '10.97547400'),
(3529, 4, '45.39022670', '10.97546340'),
(3530, 4, '45.39025600', '10.97543780'),
(3531, 4, '45.39036970', '10.97545450'),
(3532, 4, '45.39049170', '10.97550410'),
(3533, 4, '45.39061680', '10.97554100'),
(3534, 4, '45.39133290', '10.97597420'),
(3535, 4, '45.39194140', '10.97634230'),
(3536, 4, '45.39222680', '10.97651490'),
(3537, 4, '45.39237590', '10.97660510'),
(3538, 4, '45.39281550', '10.97687110'),
(3539, 4, '45.39465530', '10.97798170'),
(3540, 4, '45.39469540', '10.97800610'),
(3541, 4, '45.39478160', '10.97805830'),
(3542, 4, '45.39490000', '10.97813310'),
(3543, 4, '45.39527180', '10.97836790'),
(3544, 4, '45.39544870', '10.97850040'),
(3545, 4, '45.39605470', '10.97895430'),
(3546, 4, '45.39655780', '10.97920700'),
(3547, 4, '45.39748200', '10.97964690'),
(3548, 4, '45.39767260', '10.97979760'),
(3549, 4, '45.39788880', '10.97996840'),
(3550, 4, '45.39804780', '10.98009710'),
(3551, 4, '45.39826670', '10.98022050'),
(3552, 4, '45.39874390', '10.98046200'),
(3553, 4, '45.39893570', '10.98056530'),
(3554, 4, '45.39949150', '10.98087580'),
(3555, 4, '45.39961400', '10.98094420'),
(3556, 4, '45.39972200', '10.98100990'),
(3557, 4, '45.39986810', '10.98109670'),
(3558, 4, '45.40097490', '10.98175450'),
(3559, 4, '45.40114000', '10.98184580'),
(3560, 4, '45.40118100', '10.98186860'),
(3561, 4, '45.40124800', '10.98190580'),
(3562, 4, '45.40141810', '10.98203490'),
(3563, 4, '45.40149970', '10.98209060'),
(3564, 4, '45.40155400', '10.98212370'),
(3565, 4, '45.40191470', '10.98234390'),
(3566, 4, '45.40257930', '10.98273810'),
(3567, 4, '45.40356790', '10.98331180'),
(3568, 4, '45.40388090', '10.98350560'),
(3569, 4, '45.40399940', '10.98357680'),
(3570, 4, '45.40431570', '10.98375990'),
(3571, 4, '45.40439610', '10.98381660'),
(3572, 4, '45.40525330', '10.98431250'),
(3573, 4, '45.40554080', '10.98448190'),
(3574, 4, '45.40625510', '10.98490860'),
(3575, 4, '45.40633270', '10.98496640'),
(3576, 4, '45.40638930', '10.98502060'),
(3577, 4, '45.40650930', '10.98512460'),
(3578, 4, '45.40660020', '10.98517730'),
(3579, 4, '45.40702110', '10.98539740'),
(3580, 4, '45.40736100', '10.98555530'),
(3581, 4, '45.40742330', '10.98558480'),
(3582, 4, '45.40759480', '10.98567940'),
(3583, 4, '45.40866950', '10.98627140'),
(3584, 4, '45.40885380', '10.98637170'),
(3585, 4, '45.40894330', '10.98642300'),
(3586, 4, '45.40918770', '10.98656340'),
(3587, 4, '45.41011890', '10.98712370'),
(3588, 4, '45.41124170', '10.98778550'),
(3589, 4, '45.41223700', '10.98829750'),
(3590, 4, '45.41222550', '10.98818040'),
(3591, 4, '45.41221260', '10.98789470'),
(3592, 4, '45.41221110', '10.98776840'),
(3593, 4, '45.41223460', '10.98723340'),
(3594, 4, '45.41224410', '10.98682900'),
(3595, 4, '45.41229590', '10.98596120'),
(3596, 4, '45.41229750', '10.98592690'),
(3597, 4, '45.41230520', '10.98560250'),
(3598, 4, '45.41230600', '10.98557230'),
(3599, 4, '45.41230670', '10.98554410'),
(3600, 4, '45.41230570', '10.98542390'),
(3601, 4, '45.41241440', '10.98543770'),
(3602, 4, '45.41245870', '10.98544290'),
(3603, 4, '45.41261030', '10.98546280'),
(3604, 4, '45.41284150', '10.98555180'),
(3605, 4, '45.41321800', '10.98573760'),
(3606, 4, '45.41333570', '10.98579050'),
(3607, 4, '45.41342530', '10.98582850'),
(3608, 4, '45.41375600', '10.98589560'),
(3609, 4, '45.41415610', '10.98590890'),
(3610, 4, '45.41437120', '10.98590040'),
(3611, 4, '45.41465650', '10.98588560'),
(3612, 4, '45.41523050', '10.98586200'),
(3613, 4, '45.41582490', '10.98582140'),
(3614, 4, '45.41587570', '10.98580100'),
(3615, 4, '45.41698430', '10.98575730'),
(3616, 4, '45.41710260', '10.98576410'),
(3617, 4, '45.41716380', '10.98576750'),
(3618, 4, '45.41722420', '10.98575210'),
(3619, 4, '45.41726800', '10.98574100'),
(3620, 4, '45.41789720', '10.98580240'),
(3621, 4, '45.41796870', '10.98583880'),
(3622, 4, '45.41804780', '10.98589100'),
(3623, 4, '45.41812980', '10.98590840'),
(3624, 4, '45.41815940', '10.98583400'),
(3625, 4, '45.41819940', '10.98573610'),
(3626, 4, '45.41820500', '10.98567770'),
(3627, 4, '45.41819650', '10.98560260'),
(3628, 4, '45.41817770', '10.98555430'),
(3629, 4, '45.41811460', '10.98546580'),
(3630, 4, '45.41750760', '10.98516330'),
(3631, 4, '45.41747830', '10.98514870'),
(3632, 4, '45.41743400', '10.98507220'),
(3633, 4, '45.41741280', '10.98502660'),
(3634, 4, '45.41740060', '10.98496490'),
(3635, 4, '45.41740150', '10.98489850'),
(3636, 4, '45.41740620', '10.98478420'),
(3637, 4, '45.41746010', '10.98461640'),
(3638, 4, '45.41752230', '10.98442930'),
(3639, 4, '45.41757140', '10.98426120'),
(3640, 4, '45.41772390', '10.98378410'),
(3641, 4, '45.41777920', '10.98360230'),
(3642, 4, '45.41807060', '10.98268390'),
(3643, 4, '45.41832170', '10.98189260'),
(3644, 4, '45.41835050', '10.98179550'),
(3645, 4, '45.41838910', '10.98166510'),
(3646, 4, '45.41850080', '10.98171860'),
(3647, 4, '45.41891500', '10.98192650'),
(3648, 4, '45.41904000', '10.98199170'),
(3649, 4, '45.41920510', '10.98207480'),
(3650, 4, '45.42071790', '10.98282310'),
(3651, 4, '45.42414070', '10.98454500'),
(3652, 4, '45.42537300', '10.98516490'),
(3653, 4, '45.42558260', '10.98535700'),
(3654, 4, '45.42722230', '10.98617690'),
(3655, 4, '45.42730250', '10.98621730'),
(3656, 4, '45.42804090', '10.98658930'),
(3657, 4, '45.42845180', '10.98679970'),
(3658, 4, '45.42865840', '10.98690830'),
(3659, 4, '45.42886140', '10.98701740'),
(3660, 4, '45.42905050', '10.98712190'),
(3661, 4, '45.42948340', '10.98734620'),
(3662, 4, '45.42965920', '10.98743160'),
(3663, 4, '45.43012710', '10.98766730'),
(3664, 4, '45.43020930', '10.98770770'),
(3665, 4, '45.43024100', '10.98772420'),
(3666, 4, '45.43035520', '10.98771970'),
(3667, 4, '45.43044590', '10.98769750'),
(3668, 4, '45.43053850', '10.98765120'),
(3669, 4, '45.43056210', '10.98773860'),
(3670, 4, '45.43057770', '10.98779640'),
(3671, 4, '45.43059010', '10.98785060'),
(3672, 4, '45.43059870', '10.98788510'),
(3673, 4, '45.43060650', '10.98791670'),
(3674, 4, '45.43061660', '10.98795140'),
(3675, 4, '45.43062260', '10.98796860'),
(3676, 4, '45.43062880', '10.98798240'),
(3677, 4, '45.43064670', '10.98800940'),
(3678, 4, '45.43066290', '10.98804140'),
(3679, 4, '45.43071060', '10.98816230'),
(3680, 4, '45.43072740', '10.98819880'),
(3681, 4, '45.43072850', '10.98820110'),
(3682, 4, '45.43074500', '10.98823700'),
(3683, 4, '45.43075380', '10.98825400'),
(3684, 4, '45.43077700', '10.98829860'),
(3685, 4, '45.43084620', '10.98838390'),
(3686, 4, '45.43092470', '10.98844260'),
(3687, 4, '45.43111440', '10.98850200'),
(3688, 4, '45.43119410', '10.98852130'),
(3689, 4, '45.43139490', '10.98852130'),
(3690, 4, '45.43144090', '10.98851300'),
(3691, 4, '45.43161540', '10.98846920'),
(3692, 4, '45.43176860', '10.98844390'),
(3693, 4, '45.43185000', '10.98845840'),
(3694, 4, '45.43203320', '10.98853870'),
(3695, 4, '45.43206610', '10.98855550'),
(3696, 4, '45.43306630', '10.98906420'),
(3697, 4, '45.43310430', '10.98908390'),
(3698, 4, '45.43403490', '10.98956560'),
(3699, 4, '45.43484580', '10.98998530'),
(3700, 4, '45.43498860', '10.99005920'),
(3701, 4, '45.43507330', '10.99010310'),
(3702, 4, '45.43609570', '10.99063230'),
(3703, 4, '45.43618170', '10.99067680'),
(3704, 4, '45.43626950', '10.99072230'),
(3705, 4, '45.43661370', '10.99091040'),
(3706, 4, '45.43669050', '10.99095240'),
(3707, 4, '45.43681290', '10.99091760'),
(3708, 4, '45.43694230', '10.99098250'),
(3709, 4, '45.43696820', '10.99099480'),
(3710, 4, '45.43699960', '10.99100970'),
(3711, 4, '45.43712400', '10.99106890'),
(3712, 4, '45.43729290', '10.99114650'),
(3713, 4, '45.43735850', '10.99117640'),
(3714, 4, '45.43784590', '10.99142680'),
(3715, 4, '45.43807070', '10.99159110'),
(3716, 4, '45.43807800', '10.99159380'),
(3717, 4, '45.43808690', '10.99159700'),
(3718, 4, '45.43830770', '10.99161590'),
(3719, 4, '45.43838090', '10.99167710'),
(3720, 4, '45.43834610', '10.99179830'),
(3721, 4, '45.43825340', '10.99212750'),
(3722, 4, '45.43810870', '10.99259930'),
(3723, 4, '45.43803860', '10.99282370'),
(3724, 4, '45.43799550', '10.99292600'),
(3725, 4, '45.43787120', '10.99316890'),
(3726, 4, '45.43771680', '10.99339400'),
(3727, 4, '45.43761120', '10.99355390'),
(3728, 4, '45.43750290', '10.99392390'),
(3729, 4, '45.43747950', '10.99401090'),
(3730, 4, '45.43745540', '10.99413210'),
(3731, 4, '45.43740760', '10.99437580'),
(3732, 4, '45.43740300', '10.99440130'),
(3733, 4, '45.43739540', '10.99444330'),
(3734, 4, '45.43732220', '10.99476540'),
(3735, 4, '45.43730030', '10.99485640'),
(3736, 4, '45.43727680', '10.99494970'),
(3737, 4, '45.43725430', '10.99502180'),
(3738, 4, '45.43721840', '10.99510810'),
(3739, 4, '45.43718520', '10.99519490'),
(3740, 4, '45.43711330', '10.99535870'),
(3741, 4, '45.43718030', '10.99547620'),
(3742, 4, '45.43719040', '10.99551130'),
(3743, 4, '45.43720970', '10.99559250'),
(3744, 4, '45.43725150', '10.99578690'),
(3745, 4, '45.43736070', '10.99629650'),
(3746, 4, '45.43740690', '10.99643720'),
(3747, 4, '45.43756020', '10.99674340'),
(3748, 4, '45.43774480', '10.99699170'),
(3749, 4, '45.43789420', '10.99707060'),
(3750, 4, '45.43802420', '10.99730560'),
(3751, 4, '45.43822740', '10.99775710'),
(3752, 4, '45.43826640', '10.99783420'),
(3753, 4, '45.43848030', '10.99829100'),
(3754, 4, '45.43850670', '10.99834080'),
(3755, 4, '45.43870730', '10.99875690'),
(3756, 4, '45.43890550', '10.99915030'),
(3757, 4, '45.43904310', '10.99938970'),
(3758, 4, '45.43913380', '10.99952890'),
(3759, 4, '45.43923920', '10.99965050'),
(3760, 4, '45.43928560', '10.99969850'),
(3761, 4, '45.43950730', '11.00010070'),
(3762, 4, '45.43955930', '11.00022800'),
(3763, 4, '45.43956660', '11.00027790'),
(3764, 4, '45.43957080', '11.00035140'),
(3765, 4, '45.43955270', '11.00046100'),
(3766, 4, '45.43953000', '11.00050790'),
(3767, 4, '45.43949220', '11.00056880'),
(3768, 4, '45.43933050', '11.00075470'),
(3769, 4, '45.43928090', '11.00086140'),
(3770, 4, '45.43927670', '11.00089810'),
(3771, 4, '45.43915330', '11.00195790'),
(3772, 4, '45.43914840', '11.00199920'),
(3773, 4, '45.43914350', '11.00203980'),
(3774, 4, '45.43912240', '11.00215280'),
(3775, 4, '45.43911910', '11.00224180'),
(3776, 4, '45.43911470', '11.00236060'),
(3777, 4, '45.43911400', '11.00237960'),
(3778, 4, '45.43910930', '11.00241890'),
(3779, 4, '45.43908510', '11.00262110'),
(3780, 4, '45.43907210', '11.00273010'),
(3781, 4, '45.43904500', '11.00302330'),
(3782, 4, '45.43902460', '11.00346100'),
(3783, 4, '45.43903150', '11.00360430'),
(3784, 4, '45.43904890', '11.00403070'),
(3785, 4, '45.43905620', '11.00411700'),
(3786, 4, '45.43906530', '11.00419490'),
(3787, 4, '45.43933390', '11.00581420'),
(3788, 4, '45.43933780', '11.00583750'),
(3789, 4, '45.43936650', '11.00608860'),
(3790, 4, '45.43952820', '11.00729130'),
(3791, 4, '45.43957160', '11.00775530'),
(3792, 4, '45.43957590', '11.00779340'),
(3793, 4, '45.43960170', '11.00802080'),
(3794, 4, '45.43962170', '11.00847040'),
(3795, 4, '45.43963230', '11.00881740'),
(3796, 4, '45.43963550', '11.00892070'),
(3797, 4, '45.43966490', '11.00941090'),
(3798, 4, '45.43968110', '11.00969150'),
(3799, 4, '45.43970290', '11.00993610'),
(3800, 4, '45.43981200', '11.01106880'),
(3801, 4, '45.43981470', '11.01109270'),
(3802, 4, '45.43983740', '11.01131540'),
(3803, 4, '45.43997500', '11.01241300'),
(3804, 4, '45.43996850', '11.01257890'),
(3805, 4, '45.43995910', '11.01276930'),
(3806, 4, '45.43992870', '11.01301130'),
(3807, 4, '45.43992420', '11.01306070'),
(3808, 4, '45.43993120', '11.01314630'),
(3809, 4, '45.43988170', '11.01327210'),
(3810, 4, '45.43975350', '11.01377220'),
(3811, 4, '45.43961790', '11.01439320'),
(3812, 4, '45.43959900', '11.01442450'),
(3813, 4, '45.43956970', '11.01444370'),
(3814, 4, '45.43954630', '11.01444020'),
(3815, 4, '45.43937130', '11.01437760'),
(3816, 4, '45.43933250', '11.01453490'),
(3817, 4, '45.43930500', '11.01467810'),
(3818, 4, '45.43928550', '11.01477640'),
(3819, 4, '45.43926580', '11.01487550'),
(3820, 4, '45.43926180', '11.01489510'),
(3821, 4, '45.43924470', '11.01503950'),
(3822, 4, '45.43930740', '11.01506280'),
(3823, 4, '45.43943770', '11.01512410'),
(3824, 4, '45.43950290', '11.01525360'),
(3825, 4, '45.43958980', '11.01530080'),
(3826, 4, '45.43969090', '11.01534970'),
(3827, 4, '45.43970770', '11.01535460'),
(3828, 4, '45.44020020', '11.01557360'),
(3829, 4, '45.44041730', '11.01560130'),
(3830, 4, '45.44051790', '11.01564090'),
(3831, 4, '45.44057300', '11.01566940'),
(3832, 4, '45.44072350', '11.01574740'),
(3833, 4, '45.44078540', '11.01577950'),
(3834, 4, '45.44179760', '11.01645990'),
(3835, 4, '45.44191800', '11.01653700'),
(3836, 4, '45.44209430', '11.01668630'),
(3837, 4, '45.44252280', '11.01709580'),
(3838, 4, '45.44293810', '11.01748850'),
(3839, 4, '45.44314000', '11.01769600'),
(3840, 4, '45.44434650', '11.01889200'),
(3841, 4, '45.44440340', '11.01894800'),
(3842, 4, '45.44450500', '11.01904820'),
(3843, 4, '45.44459600', '11.01914700'),
(3844, 4, '45.44465180', '11.01921250'),
(3845, 4, '45.44491670', '11.01952310'),
(3846, 4, '45.44510820', '11.01971400'),
(3847, 4, '45.44531350', '11.01988790'),
(3848, 4, '45.44538090', '11.01992210'),
(3849, 4, '45.44545690', '11.01996060'),
(3850, 4, '45.44561230', '11.01999120'),
(3851, 4, '45.44582780', '11.02003220'),
(3852, 4, '45.44660820', '11.02004360'),
(3853, 4, '45.44691870', '11.02003280'),
(3854, 4, '45.44742770', '11.02001000'),
(3855, 4, '45.44745410', '11.02000730'),
(3856, 4, '45.44749370', '11.02000630'),
(3857, 4, '45.44808920', '11.01998990'),
(3858, 4, '45.44826700', '11.01998100'),
(3859, 4, '45.44831180', '11.01997980'),
(3860, 4, '45.44903770', '11.01995900'),
(3861, 4, '45.44913380', '11.01995630'),
(3862, 4, '45.44942990', '11.01995370'),
(3863, 4, '45.44965990', '11.01994930'),
(3864, 4, '45.44977700', '11.01994700'),
(3865, 4, '45.45016940', '11.01993890'),
(3866, 4, '45.45022860', '11.01993890'),
(3867, 4, '45.45046500', '11.01993450'),
(3868, 4, '45.45078170', '11.01992950');
INSERT INTO `bus_paths` (`id`, `bus_number_id`, `latitude`, `longitude`) VALUES
(3869, 4, '45.45081190', '11.01993090'),
(3870, 4, '45.45092110', '11.01992420'),
(3871, 4, '45.45144700', '11.01991480'),
(3872, 4, '45.45179040', '11.01989870'),
(3873, 4, '45.45198980', '11.01988510'),
(3874, 4, '45.45209400', '11.01987520'),
(3875, 4, '45.45212790', '11.01986880'),
(3876, 4, '45.45224800', '11.01984600'),
(3877, 4, '45.45288790', '11.01969300'),
(3878, 4, '45.45336290', '11.01956970'),
(3879, 4, '45.45366200', '11.01948790'),
(3880, 4, '45.45371860', '11.01946870'),
(3881, 4, '45.45381600', '11.01943260'),
(3882, 4, '45.45388930', '11.01940380'),
(3883, 4, '45.45395950', '11.01938190'),
(3884, 4, '45.45400060', '11.01939480'),
(3885, 4, '45.45404260', '11.01939040'),
(3886, 4, '45.45408200', '11.01936920'),
(3887, 4, '45.45416430', '11.01934060'),
(3888, 4, '45.45423350', '11.01932520'),
(3889, 4, '45.45428320', '11.01932440'),
(3890, 4, '45.45433680', '11.01933030'),
(3891, 4, '45.45439720', '11.01932220'),
(3892, 4, '45.45484550', '11.01925310'),
(3893, 4, '45.45493460', '11.01922990'),
(3894, 4, '45.45511570', '11.01916590'),
(3895, 4, '45.45564550', '11.01909470'),
(3896, 4, '45.45690980', '11.01883580'),
(3897, 4, '45.45699240', '11.01882250'),
(3898, 4, '45.45705090', '11.01881310'),
(3899, 4, '45.45757190', '11.01872900'),
(3900, 4, '45.45788490', '11.01866820'),
(3901, 4, '45.45806750', '11.01862590'),
(3902, 4, '45.45819990', '11.01860100'),
(3903, 4, '45.45847490', '11.01853190'),
(3904, 4, '45.45872710', '11.01857920'),
(3905, 4, '45.45887850', '11.01861720'),
(3906, 4, '45.45898830', '11.01867640'),
(3907, 4, '45.45898470', '11.01873120'),
(3908, 4, '45.45899170', '11.01877880'),
(3909, 4, '45.45901180', '11.01882940'),
(3910, 4, '45.45903550', '11.01886110'),
(3911, 4, '45.45905790', '11.01887920'),
(3912, 4, '45.45910330', '11.01889350'),
(3913, 4, '45.45915170', '11.01888110'),
(3914, 4, '45.45918350', '11.01885430'),
(3915, 4, '45.45920760', '11.01881660'),
(3916, 4, '45.45931970', '11.01872050'),
(3917, 4, '45.45953210', '11.01861050'),
(3918, 4, '45.45967080', '11.01860540'),
(3919, 4, '45.45982920', '11.01861350'),
(3920, 4, '45.46022890', '11.01865910'),
(3921, 4, '45.46083910', '11.01872810'),
(3922, 4, '45.46105060', '11.01875430'),
(3923, 4, '45.46132810', '11.01878530'),
(3924, 4, '45.46174230', '11.01879200'),
(3925, 4, '45.46205870', '11.01878610'),
(3926, 4, '45.46233570', '11.01877530'),
(3927, 4, '45.46257060', '11.01875500'),
(3928, 4, '45.46276990', '11.01873200'),
(3929, 4, '45.46333610', '11.01865190'),
(3930, 4, '45.46346720', '11.01862660'),
(3931, 4, '45.46376390', '11.01856680'),
(3932, 4, '45.46408020', '11.01854200'),
(3933, 4, '45.46434200', '11.01854300'),
(3934, 4, '45.46456950', '11.01862800'),
(3935, 4, '45.46464210', '11.01864550'),
(3936, 4, '45.46471730', '11.01865540'),
(3937, 4, '45.46486810', '11.01864500'),
(3938, 4, '45.46492340', '11.01863140'),
(3939, 4, '45.46526640', '11.01854480'),
(3940, 4, '45.46552430', '11.01852460'),
(3941, 4, '45.46562750', '11.01852430'),
(3942, 4, '45.46590010', '11.01852320'),
(3943, 4, '45.46613610', '11.01855270'),
(3944, 4, '45.46646510', '11.01857120'),
(3945, 4, '45.46705200', '11.01861280'),
(3946, 4, '45.46724830', '11.01865360'),
(3947, 4, '45.46755080', '11.01881430'),
(3948, 4, '45.46766470', '11.01885580'),
(3949, 4, '45.46783070', '11.01883290'),
(3950, 4, '45.46796210', '11.01876030'),
(3951, 4, '45.46808820', '11.01869530'),
(3952, 4, '45.46835650', '11.01849250'),
(3953, 4, '45.46871290', '11.01809800'),
(3954, 4, '45.46876590', '11.01800130'),
(3955, 4, '45.46878110', '11.01790410'),
(3956, 4, '45.46879070', '11.01743140'),
(3957, 4, '45.46879520', '11.01720080'),
(3958, 4, '45.46879970', '11.01696690'),
(3959, 4, '45.46883770', '11.01665740'),
(3960, 4, '45.46892210', '11.01636700'),
(3961, 4, '45.46897620', '11.01625140'),
(3962, 4, '45.46906920', '11.01608950'),
(3963, 4, '45.46920290', '11.01595140'),
(3964, 4, '45.46936150', '11.01587980'),
(3965, 4, '45.46964020', '11.01581430'),
(3966, 4, '45.47011920', '11.01568800'),
(3967, 4, '45.47022080', '11.01566120'),
(3968, 4, '45.47075000', '11.01551220'),
(3969, 4, '45.47116950', '11.01540600'),
(3970, 4, '45.47125030', '11.01540730'),
(3971, 4, '45.47145970', '11.01541110'),
(3972, 4, '45.47158200', '11.01543020'),
(3973, 4, '45.47161910', '11.01543280'),
(3974, 4, '45.47186730', '11.01546000'),
(3975, 4, '45.47212210', '11.01548760'),
(3976, 4, '45.47218050', '11.01549780'),
(3977, 4, '45.47243390', '11.01554710'),
(3978, 4, '45.47249120', '11.01557300'),
(3979, 4, '45.47255190', '11.01560040'),
(3980, 4, '45.47279930', '11.01573840'),
(3981, 4, '45.47301990', '11.01590670'),
(3982, 4, '45.47314400', '11.01603350'),
(3983, 4, '45.47331460', '11.01624600'),
(3984, 4, '45.47341270', '11.01642740'),
(3985, 4, '45.47347270', '11.01653770'),
(3986, 4, '45.47358520', '11.01671540'),
(3987, 4, '45.47370830', '11.01685730'),
(3988, 4, '45.47384160', '11.01695730'),
(3989, 4, '45.47400280', '11.01703430'),
(3990, 4, '45.47411580', '11.01705570'),
(3991, 4, '45.47426090', '11.01707050'),
(3992, 4, '45.47442940', '11.01710540'),
(3993, 4, '45.47489460', '11.01726750'),
(3994, 4, '45.47507810', '11.01733230'),
(3995, 4, '45.47519760', '11.01738360'),
(3996, 4, '45.47540960', '11.01745640'),
(3997, 4, '45.47558140', '11.01751240'),
(3998, 4, '45.47578700', '11.01761640'),
(3999, 4, '45.47588850', '11.01774200'),
(4000, 4, '45.47598200', '11.01806430'),
(4001, 4, '45.47609440', '11.01849860'),
(4002, 4, '45.47618420', '11.01874270'),
(4003, 4, '45.47623670', '11.01885960'),
(4004, 4, '45.47627280', '11.01901010'),
(4005, 4, '45.47627800', '11.01909800'),
(4006, 4, '45.47627330', '11.01917680'),
(4007, 4, '45.47622220', '11.01927400'),
(4008, 4, '45.47619210', '11.01938580'),
(4009, 4, '45.47618440', '11.01950510'),
(4010, 4, '45.47619980', '11.01962280'),
(4011, 4, '45.47622380', '11.01969980'),
(4012, 4, '45.47625770', '11.01976880'),
(4013, 4, '45.47630020', '11.01982720'),
(4014, 4, '45.47634980', '11.01987290'),
(4015, 4, '45.47640470', '11.01990420'),
(4016, 4, '45.47646560', '11.01992020'),
(4017, 4, '45.47652760', '11.01991840'),
(4018, 4, '45.47658800', '11.01989890'),
(4019, 4, '45.47664440', '11.01986240'),
(4020, 4, '45.47668310', '11.01982440'),
(4021, 4, '45.47673730', '11.01974330'),
(4022, 4, '45.47677530', '11.01964520'),
(4023, 4, '45.47679450', '11.01953650'),
(4024, 4, '45.47679370', '11.01942450'),
(4025, 4, '45.47675960', '11.01927670'),
(4026, 4, '45.47677690', '11.01910340'),
(4027, 4, '45.47681170', '11.01896120'),
(4028, 4, '45.47688320', '11.01881360'),
(4029, 4, '45.47694990', '11.01874390'),
(4030, 4, '45.47703270', '11.01868750'),
(4031, 4, '45.47713990', '11.01867820'),
(4032, 4, '45.47728950', '11.01870490'),
(4033, 4, '45.47738820', '11.01877870'),
(4034, 4, '45.47749460', '11.01894130'),
(4035, 4, '45.47755830', '11.01911540'),
(4036, 4, '45.47764560', '11.01947850'),
(4037, 4, '45.47770060', '11.01960350'),
(4038, 4, '45.47777280', '11.01972030'),
(4039, 4, '45.47793110', '11.01988160'),
(4040, 4, '45.47809340', '11.01998180'),
(4041, 4, '45.47829610', '11.02006350'),
(4042, 4, '45.47865170', '11.02009790'),
(4043, 4, '45.47893190', '11.02002900'),
(4044, 4, '45.47918320', '11.01995320'),
(4045, 4, '45.47953360', '11.01979480'),
(4046, 4, '45.47967200', '11.01971840'),
(4047, 4, '45.47983380', '11.01962730'),
(4048, 4, '45.47994490', '11.01956870'),
(4049, 4, '45.48000430', '11.01953950'),
(4050, 4, '45.48002570', '11.01952740'),
(4051, 4, '45.48041270', '11.01932010'),
(4052, 4, '45.48080490', '11.01910850'),
(4053, 4, '45.48129410', '11.01885000'),
(4054, 4, '45.48145630', '11.01877060'),
(4055, 4, '45.48164220', '11.01870050'),
(4056, 4, '45.48177360', '11.01867230'),
(4057, 4, '45.48192080', '11.01865280'),
(4058, 4, '45.48208200', '11.01863790'),
(4059, 4, '45.48224500', '11.01864920'),
(4060, 4, '45.48241020', '11.01867280'),
(4061, 4, '45.48260550', '11.01873120'),
(4062, 4, '45.48279600', '11.01880600'),
(4063, 4, '45.48315130', '11.01899110'),
(4064, 4, '45.48328450', '11.01905660'),
(4065, 4, '45.48361700', '11.01920620'),
(4066, 4, '45.48404090', '11.01935010'),
(4067, 4, '45.48421100', '11.01936430'),
(4068, 4, '45.48422480', '11.01936500'),
(4069, 4, '45.48446470', '11.01937630'),
(4070, 4, '45.48470350', '11.01932850'),
(4071, 4, '45.48512750', '11.01919890'),
(4072, 4, '45.48516810', '11.01918480'),
(4073, 4, '45.48550320', '11.01906810'),
(4074, 4, '45.48598080', '11.01890570'),
(4075, 4, '45.48647440', '11.01879600'),
(4076, 4, '45.48690090', '11.01879010'),
(4077, 4, '45.48709080', '11.01881060'),
(4078, 4, '45.48729760', '11.01883300'),
(4079, 4, '45.48773170', '11.01888670'),
(4080, 4, '45.48791210', '11.01891950'),
(4081, 4, '45.48808180', '11.01897070'),
(4082, 4, '45.48812150', '11.01898480'),
(4083, 4, '45.48843680', '11.01909680'),
(4084, 4, '45.48863050', '11.01925760'),
(4085, 4, '45.48876240', '11.01943330'),
(4086, 4, '45.48878940', '11.01952360'),
(4087, 4, '45.48883740', '11.01959400'),
(4088, 4, '45.48890000', '11.01963490'),
(4089, 4, '45.48896870', '11.01964080'),
(4090, 4, '45.48901530', '11.01962360'),
(4091, 4, '45.48905730', '11.01959000'),
(4092, 4, '45.48909190', '11.01954230'),
(4093, 4, '45.48911680', '11.01948350'),
(4094, 4, '45.48913050', '11.01941770'),
(4095, 4, '45.48913280', '11.01937840'),
(4096, 4, '45.48914350', '11.01928920'),
(4097, 4, '45.48918110', '11.01921410'),
(4098, 4, '45.48922810', '11.01915780'),
(4099, 4, '45.48929200', '11.01911760'),
(4100, 4, '45.48935870', '11.01909230'),
(4101, 4, '45.48946970', '11.01911620'),
(4102, 4, '45.48993150', '11.01928140'),
(4103, 4, '45.49005570', '11.01934040'),
(4104, 4, '45.49013390', '11.01937760'),
(4105, 4, '45.49027500', '11.01946090'),
(4106, 4, '45.49048060', '11.01955650'),
(4107, 4, '45.49076200', '11.01968300'),
(4108, 4, '45.49086440', '11.01975990'),
(4109, 4, '45.49095590', '11.01983120'),
(4110, 4, '45.49096840', '11.01987330'),
(4111, 4, '45.49098760', '11.01990410'),
(4112, 4, '45.49100830', '11.01992250'),
(4113, 4, '45.49103070', '11.01993240'),
(4114, 4, '45.49105980', '11.01993320'),
(4115, 4, '45.49109260', '11.01991750'),
(4116, 4, '45.49112010', '11.01988430'),
(4117, 4, '45.49113430', '11.01984890'),
(4118, 4, '45.49114050', '11.01980470'),
(4119, 4, '45.49119020', '11.01973650'),
(4120, 4, '45.49124830', '11.01966460'),
(4121, 4, '45.49173060', '11.01951280'),
(4122, 4, '45.49221550', '11.01932790'),
(4123, 4, '45.49242340', '11.01922620'),
(4124, 4, '45.49263200', '11.01915670'),
(4125, 4, '45.49272790', '11.01912600'),
(4126, 4, '45.49302740', '11.01904500'),
(4127, 4, '45.49361630', '11.01888830'),
(4128, 4, '45.49380830', '11.01887940'),
(4129, 4, '45.49403700', '11.01886400'),
(4130, 4, '45.49427600', '11.01887800'),
(4131, 4, '45.49467130', '11.01895470'),
(4132, 4, '45.49477580', '11.01897080'),
(4133, 4, '45.49506730', '11.01901480'),
(4134, 4, '45.49521990', '11.01903780'),
(4135, 4, '45.49550620', '11.01906090'),
(4136, 4, '45.49583010', '11.01905080'),
(4137, 4, '45.49615380', '11.01900420'),
(4138, 4, '45.49625330', '11.01899880'),
(4139, 4, '45.49647200', '11.01898700'),
(4140, 4, '45.49674910', '11.01894390'),
(4141, 4, '45.49692320', '11.01887950'),
(4142, 4, '45.49703400', '11.01881810'),
(4143, 4, '45.49705630', '11.01880570'),
(4144, 4, '45.49742160', '11.01857260'),
(4145, 4, '45.49753390', '11.01849770'),
(4146, 4, '45.49766500', '11.01838130'),
(4147, 4, '45.49768890', '11.01836330'),
(4148, 4, '45.49776870', '11.01831350'),
(4149, 4, '45.49866370', '11.01775480'),
(4150, 4, '45.49890930', '11.01762750'),
(4151, 4, '45.49914260', '11.01755340'),
(4152, 4, '45.49925330', '11.01752300'),
(4153, 4, '45.49935540', '11.01749250'),
(4154, 4, '45.49941350', '11.01747510'),
(4155, 4, '45.49988500', '11.01733420'),
(4156, 4, '45.50006570', '11.01727840'),
(4157, 4, '45.50024610', '11.01722700'),
(4158, 4, '45.50049300', '11.01715360'),
(4159, 4, '45.50073670', '11.01711940'),
(4160, 4, '45.50087280', '11.01711590'),
(4161, 4, '45.50110100', '11.01716050'),
(4162, 4, '45.50150920', '11.01720160'),
(4163, 4, '45.50189280', '11.01719850'),
(4164, 4, '45.50248380', '11.01715390'),
(4165, 4, '45.50289980', '11.01713450'),
(4166, 4, '45.50339440', '11.01711880'),
(4167, 4, '45.50352720', '11.01711460'),
(4168, 4, '45.50390950', '11.01710240'),
(4169, 4, '45.50422720', '11.01710240'),
(4170, 4, '45.50424640', '11.01710240'),
(4171, 4, '45.50449280', '11.01708420'),
(4172, 4, '45.50496450', '11.01699330'),
(4173, 4, '45.50518130', '11.01694440'),
(4174, 4, '45.50539760', '11.01689560'),
(4175, 4, '45.50575870', '11.01681570'),
(4176, 4, '45.50612920', '11.01680200'),
(4177, 4, '45.50715780', '11.01692220'),
(4178, 4, '45.50761490', '11.01698230'),
(4179, 4, '45.50797570', '11.01696810'),
(4180, 4, '45.50827060', '11.01695650'),
(4181, 4, '45.50850840', '11.01693040'),
(4182, 4, '45.50905250', '11.01687070'),
(4183, 4, '45.50926910', '11.01684500'),
(4184, 4, '45.51084480', '11.01670910'),
(4185, 4, '45.51164610', '11.01658030'),
(4186, 4, '45.51192160', '11.01653600'),
(4187, 4, '45.51266220', '11.01634750'),
(4188, 4, '45.51300220', '11.01626430'),
(4189, 4, '45.51318470', '11.01621840'),
(4190, 4, '45.51333290', '11.01620210'),
(4191, 4, '45.51380050', '11.01612820'),
(4192, 4, '45.51452360', '11.01611350'),
(4193, 4, '45.51476990', '11.01614240'),
(4194, 4, '45.51513010', '11.01615530'),
(4195, 4, '45.51531710', '11.01617340'),
(4196, 4, '45.51537100', '11.01617860'),
(4197, 4, '45.51587180', '11.01622190'),
(4198, 4, '45.51600100', '11.01623290'),
(4199, 4, '45.51632420', '11.01628710'),
(4200, 4, '45.51637870', '11.01628840'),
(4201, 4, '45.51755220', '11.01632940'),
(4202, 4, '45.51762260', '11.01634200'),
(4203, 4, '45.51805300', '11.01637550'),
(4204, 4, '45.51808160', '11.01637530'),
(4205, 4, '45.51843630', '11.01637900'),
(4206, 4, '45.51847270', '11.01637940'),
(4207, 4, '45.51854560', '11.01638270'),
(4208, 4, '45.51864320', '11.01643710'),
(4209, 4, '45.51872500', '11.01649260'),
(4210, 4, '45.51886410', '11.01645380'),
(4211, 4, '45.51896410', '11.01646690'),
(4212, 4, '45.51903380', '11.01647970'),
(4213, 4, '45.51930170', '11.01651930'),
(4214, 4, '45.51946520', '11.01655950'),
(4215, 4, '45.51950540', '11.01656600'),
(4216, 4, '45.52006270', '11.01670080'),
(4217, 4, '45.52026220', '11.01671300'),
(4218, 4, '45.52027750', '11.01674850'),
(4219, 4, '45.52036150', '11.01694560'),
(4220, 4, '45.52059230', '11.01729300'),
(4221, 4, '45.52096760', '11.01767800'),
(4222, 4, '45.52121020', '11.01752650'),
(4223, 4, '45.52135920', '11.01746740'),
(4224, 4, '45.52197030', '11.01721490'),
(4225, 4, '45.52260270', '11.01697370'),
(4226, 4, '45.52280830', '11.01687580'),
(4227, 4, '45.52301160', '11.01678490'),
(4228, 4, '45.52435730', '11.01576260'),
(4229, 4, '45.52456910', '11.01560900'),
(4230, 4, '45.52514730', '11.01518590'),
(4231, 4, '45.52535390', '11.01503490'),
(4232, 4, '45.52541790', '11.01499150'),
(4233, 4, '45.52565520', '11.01482120'),
(4234, 4, '45.52591630', '11.01467380'),
(4235, 4, '45.52610850', '11.01457900'),
(4236, 4, '45.52649650', '11.01442910'),
(4237, 4, '45.52683600', '11.01430440'),
(4238, 4, '45.52735850', '11.01395690'),
(4239, 4, '45.52765410', '11.01371870'),
(4240, 4, '45.52778000', '11.01360470'),
(4241, 4, '45.52811210', '11.01331450'),
(4242, 4, '45.52815490', '11.01327710'),
(4243, 4, '45.52847400', '11.01298680'),
(4244, 4, '45.52885910', '11.01263940'),
(4245, 4, '45.52912410', '11.01240720'),
(4246, 4, '45.52934870', '11.01221390'),
(4247, 4, '45.52960020', '11.01198460'),
(4248, 4, '45.52978840', '11.01182000'),
(4249, 4, '45.52988220', '11.01171850'),
(4250, 4, '45.52991050', '11.01167620'),
(4251, 4, '45.52996010', '11.01155260'),
(4252, 4, '45.52999230', '11.01141020'),
(4253, 4, '45.53003520', '11.01117830'),
(4254, 4, '45.53006000', '11.01099700'),
(4255, 4, '45.53005360', '11.01083130'),
(4256, 4, '45.52998970', '11.01065430'),
(4257, 4, '45.52973040', '11.01021980'),
(4258, 4, '45.52965180', '11.01013360'),
(4259, 4, '45.52950120', '11.00999990'),
(4260, 4, '45.52943730', '11.00986040'),
(4261, 4, '45.52939310', '11.00977430'),
(4262, 4, '45.52938330', '11.00969210'),
(4263, 4, '45.52938890', '11.00961080'),
(4264, 4, '45.52942900', '11.00952780'),
(4265, 4, '45.52946520', '11.00944830'),
(4266, 4, '45.52951970', '11.00925370'),
(4267, 4, '45.52959380', '11.00914520'),
(4268, 4, '45.52961740', '11.00911360'),
(4269, 4, '45.52969960', '11.00900040'),
(4270, 4, '45.52979680', '11.00888250'),
(4271, 4, '45.52989540', '11.00876160'),
(4272, 4, '45.52994310', '11.00863030'),
(4273, 4, '45.52998790', '11.00848370'),
(4274, 4, '45.53000930', '11.00842290'),
(4275, 4, '45.53003770', '11.00843750'),
(4276, 4, '45.53006770', '11.00843970'),
(4277, 4, '45.53009700', '11.00842950'),
(4278, 4, '45.53012880', '11.00840040'),
(4279, 4, '45.53015120', '11.00835690'),
(4280, 4, '45.53016120', '11.00830480'),
(4281, 4, '45.53027340', '11.00831710'),
(4282, 4, '45.53034380', '11.00831800'),
(4283, 4, '45.53044410', '11.00829880'),
(4284, 4, '45.53046250', '11.00829630'),
(4285, 4, '45.53054350', '11.00824950'),
(4286, 4, '45.53078260', '11.00805250'),
(4287, 4, '45.53109320', '11.00780600'),
(4288, 4, '45.53127210', '11.00764660'),
(4289, 4, '45.53148510', '11.00739400'),
(4290, 4, '45.53160610', '11.00723550'),
(4291, 4, '45.53186270', '11.00683840'),
(4292, 4, '45.53213750', '11.00643730'),
(4293, 4, '45.53218590', '11.00637410'),
(4294, 4, '45.53235650', '11.00617110'),
(4295, 4, '45.53249870', '11.00600140'),
(4296, 4, '45.53278230', '11.00568320'),
(4297, 4, '45.53307550', '11.00539760'),
(4298, 4, '45.53338990', '11.00511090'),
(4299, 4, '45.53357510', '11.00494210'),
(4300, 4, '45.53362130', '11.00490360'),
(4301, 4, '45.53369050', '11.00484590'),
(4302, 4, '45.53400580', '11.00458630'),
(4303, 4, '45.53427470', '11.00438800'),
(4304, 4, '45.53457440', '11.00423640'),
(4305, 4, '45.53495270', '11.00411200'),
(4306, 4, '45.53544550', '11.00399660'),
(4307, 4, '45.53552770', '11.00398170'),
(4308, 4, '45.53563250', '11.00396180'),
(4309, 4, '45.53572910', '11.00395160'),
(4310, 4, '45.53665440', '11.00386960'),
(4311, 4, '45.53680710', '11.00385530'),
(4312, 4, '45.53756410', '11.00378770'),
(4313, 4, '45.53767120', '11.00377720'),
(4314, 4, '45.53780280', '11.00376440'),
(4315, 4, '45.53809330', '11.00372650'),
(4316, 4, '45.53930340', '11.00357660'),
(4317, 4, '45.53979020', '11.00350670'),
(4318, 4, '45.54003150', '11.00347920'),
(4319, 4, '45.54024800', '11.00344880'),
(4320, 4, '45.54110380', '11.00336240'),
(4321, 4, '45.54163020', '11.00331430'),
(4322, 4, '45.54169340', '11.00330850'),
(4323, 4, '45.54182930', '11.00328940'),
(4324, 4, '45.54192830', '11.00327550'),
(4325, 4, '45.54246390', '11.00320310'),
(4326, 4, '45.54275710', '11.00314010'),
(4327, 4, '45.54306480', '11.00307600'),
(4328, 4, '45.54317680', '11.00305270'),
(4329, 4, '45.54384810', '11.00291090'),
(4330, 4, '45.54393670', '11.00289200'),
(4331, 4, '45.54453030', '11.00277400'),
(4332, 4, '45.54498300', '11.00272300'),
(4333, 4, '45.54530610', '11.00270160'),
(4334, 4, '45.54541340', '11.00272580'),
(4335, 4, '45.54551090', '11.00276320'),
(4336, 4, '45.54556330', '11.00280040'),
(4337, 4, '45.54565740', '11.00286720'),
(4338, 4, '45.54575370', '11.00332530'),
(4339, 4, '45.54580870', '11.00352530'),
(4340, 4, '45.54593040', '11.00369900'),
(4341, 4, '45.54604200', '11.00381450'),
(4342, 4, '45.54604540', '11.00381800'),
(4343, 4, '45.54623580', '11.00388860'),
(4344, 4, '45.54655480', '11.00389250'),
(4345, 4, '45.54688430', '11.00387190'),
(4346, 4, '45.54707000', '11.00380750'),
(4347, 4, '45.43050580', '10.98755930'),
(4348, 4, '45.43052370', '10.98760730'),
(4349, 4, '45.43053850', '10.98765120'),
(4350, 4, '45.43055950', '10.98763640'),
(4351, 4, '45.43057800', '10.98761450'),
(4352, 4, '45.43059900', '10.98757990'),
(4353, 4, '45.43060300', '10.98757140'),
(4354, 4, '45.43060570', '10.98756310'),
(4355, 4, '45.43060670', '10.98755920'),
(4356, 4, '45.43060740', '10.98755460'),
(4357, 4, '45.43060800', '10.98755060'),
(4358, 4, '45.43060820', '10.98754620'),
(4359, 4, '45.43059480', '10.98746280'),
(4360, 4, '45.43055920', '10.98724350'),
(4361, 4, '45.43045470', '10.98671110'),
(4362, 4, '45.43041990', '10.98652730'),
(4363, 4, '45.43032570', '10.98621110'),
(4364, 4, '45.43020370', '10.98554870'),
(4365, 4, '45.43015680', '10.98533230'),
(4366, 4, '45.43011220', '10.98510630'),
(4367, 4, '45.43004890', '10.98480120'),
(4368, 4, '45.43004050', '10.98457320'),
(4369, 4, '45.43008010', '10.98441000'),
(4370, 4, '45.43011620', '10.98423540'),
(4371, 4, '45.43019440', '10.98405730'),
(4372, 4, '45.43023860', '10.98393550'),
(4373, 4, '45.43033380', '10.98370340'),
(4374, 4, '45.43062790', '10.98302420'),
(4375, 4, '45.43067890', '10.98291260'),
(4376, 4, '45.43070150', '10.98285930'),
(4377, 4, '45.43073910', '10.98276760'),
(4378, 4, '45.43087580', '10.98255180'),
(4379, 4, '45.43073120', '10.98243310'),
(4380, 4, '45.43058850', '10.98225260'),
(4381, 4, '45.43031440', '10.98236570'),
(4382, 4, '45.43018270', '10.98241800'),
(4383, 4, '45.42970600', '10.98260740'),
(4384, 4, '45.42966100', '10.98264060'),
(4385, 4, '45.42961750', '10.98267840'),
(4386, 4, '45.42959620', '10.98271470'),
(4387, 4, '45.42958020', '10.98274930'),
(4388, 4, '45.42957440', '10.98280060'),
(4389, 4, '45.42957250', '10.98287610'),
(4390, 4, '45.42962630', '10.98317790'),
(4391, 4, '45.42977670', '10.98399610'),
(4392, 4, '45.42984110', '10.98434100'),
(4393, 4, '45.42996450', '10.98488580'),
(4394, 4, '45.43000120', '10.98508450'),
(4395, 4, '45.43001540', '10.98517440'),
(4396, 4, '45.43002980', '10.98525070'),
(4397, 4, '45.43008740', '10.98555570'),
(4398, 4, '45.43018010', '10.98605280'),
(4399, 4, '45.43024790', '10.98641630'),
(4400, 4, '45.43027430', '10.98655240'),
(4401, 4, '45.43031950', '10.98678550'),
(4402, 4, '45.43037780', '10.98708640'),
(4403, 4, '45.43040840', '10.98724400'),
(4404, 4, '45.43041720', '10.98729210'),
(4405, 4, '45.43050580', '10.98755930'),
(4406, 4, '45.35762040', '10.93536010'),
(4407, 4, '45.35763140', '10.93547820'),
(4408, 4, '45.35763770', '10.93568750'),
(4409, 4, '45.35764490', '10.93595330'),
(4410, 4, '45.35761390', '10.93639730'),
(4411, 4, '45.35757600', '10.93695980'),
(4412, 4, '45.35735370', '10.93969250'),
(4413, 4, '45.35716290', '10.94206260'),
(4414, 4, '45.35703100', '10.94369820'),
(4415, 4, '45.35702860', '10.94372840'),
(4416, 4, '45.35693530', '10.94492580'),
(4417, 4, '45.35686110', '10.94581280'),
(4418, 4, '45.35682750', '10.94621440'),
(4419, 4, '45.35681120', '10.94640950'),
(4420, 4, '45.35679900', '10.94657030'),
(4421, 4, '45.35668400', '10.94808950'),
(4422, 4, '45.35658250', '10.94942920'),
(4423, 4, '45.35656380', '10.94968890'),
(4424, 4, '45.35651690', '10.95034160'),
(4425, 4, '45.35648920', '10.95073610'),
(4426, 4, '45.35640950', '10.95187160'),
(4427, 4, '45.35637320', '10.95238960'),
(4428, 4, '45.35635900', '10.95252560'),
(4429, 4, '45.35628850', '10.95320190'),
(4430, 4, '45.35620950', '10.95366810'),
(4431, 4, '45.35617410', '10.95387480'),
(4432, 4, '45.35606870', '10.95437550'),
(4433, 4, '45.35604190', '10.95451290'),
(4434, 4, '45.35582630', '10.95561740'),
(4435, 4, '45.35577880', '10.95593040'),
(4436, 4, '45.35571490', '10.95635190'),
(4437, 4, '45.35572680', '10.95659150'),
(4438, 4, '45.35571860', '10.95665680'),
(4439, 4, '45.35570640', '10.95672230'),
(4440, 4, '45.35569410', '10.95672600'),
(4441, 4, '45.35568330', '10.95673170'),
(4442, 4, '45.35566610', '10.95674650'),
(4443, 4, '45.35565120', '10.95676830'),
(4444, 4, '45.35564200', '10.95679010'),
(4445, 4, '45.35563850', '10.95680310'),
(4446, 4, '45.35563550', '10.95682060'),
(4447, 4, '45.35563640', '10.95686350'),
(4448, 4, '45.35564340', '10.95689290'),
(4449, 4, '45.35565140', '10.95691100'),
(4450, 4, '45.35565930', '10.95692370'),
(4451, 4, '45.35567740', '10.95694260'),
(4452, 4, '45.35569430', '10.95695280'),
(4453, 4, '45.35571500', '10.95695750'),
(4454, 4, '45.35572420', '10.95695670'),
(4455, 4, '45.35574680', '10.95694990'),
(4456, 4, '45.35575940', '10.95694140'),
(4457, 4, '45.35577400', '10.95692590'),
(4458, 4, '45.35578440', '10.95690940'),
(4459, 4, '45.35585070', '10.95687760'),
(4460, 4, '45.35615500', '10.95678170'),
(4461, 4, '45.35662170', '10.95671300'),
(4462, 4, '45.35686970', '10.95669570'),
(4463, 4, '45.35714710', '10.95667280'),
(4464, 4, '45.35761060', '10.95670080'),
(4465, 4, '45.35764400', '10.95670550'),
(4466, 4, '45.35797850', '10.95675230'),
(4467, 4, '45.35810040', '10.95678250'),
(4468, 4, '45.35816920', '10.95680010'),
(4469, 4, '45.35825190', '10.95682110'),
(4470, 4, '45.35832380', '10.95683960'),
(4471, 4, '45.35853230', '10.95689290'),
(4472, 4, '45.35864990', '10.95692000'),
(4473, 4, '45.35873870', '10.95694210'),
(4474, 4, '45.35903660', '10.95701650'),
(4475, 4, '45.35911790', '10.95703680'),
(4476, 4, '45.35952530', '10.95713850'),
(4477, 4, '45.35960530', '10.95715850'),
(4478, 4, '45.35985180', '10.95721320'),
(4479, 4, '45.35987500', '10.95721840'),
(4480, 4, '45.36004780', '10.95725670'),
(4481, 4, '45.36083280', '10.95746500'),
(4482, 4, '45.36097790', '10.95750130'),
(4483, 4, '45.36105730', '10.95752110'),
(4484, 4, '45.36109750', '10.95753110'),
(4485, 4, '45.36146290', '10.95758130'),
(4486, 4, '45.36225080', '10.95773130'),
(4487, 4, '45.36249380', '10.95779340'),
(4488, 4, '45.36254850', '10.95781480'),
(4489, 4, '45.36257460', '10.95782500'),
(4490, 4, '45.36264480', '10.95785250'),
(4491, 4, '45.36273380', '10.95788740'),
(4492, 4, '45.36287760', '10.95797090'),
(4493, 4, '45.36309360', '10.95808690'),
(4494, 4, '45.36322010', '10.95817440'),
(4495, 4, '45.36352030', '10.95837550'),
(4496, 4, '45.36355920', '10.95840910'),
(4497, 4, '45.36376730', '10.95858890'),
(4498, 4, '45.36379890', '10.95861620'),
(4499, 4, '45.36399580', '10.95882220'),
(4500, 4, '45.36407560', '10.95888950'),
(4501, 4, '45.36417750', '10.95897990'),
(4502, 4, '45.36475530', '10.95949270'),
(4503, 4, '45.36525840', '10.95993930'),
(4504, 4, '45.36537790', '10.96004540'),
(4505, 4, '45.36617420', '10.96075210'),
(4506, 4, '45.36640710', '10.96095260'),
(4507, 4, '45.36699640', '10.96145990'),
(4508, 4, '45.36726530', '10.96168590'),
(4509, 4, '45.36731410', '10.96180280'),
(4510, 4, '45.36737490', '10.96194810'),
(4511, 4, '45.36737330', '10.96199280'),
(4512, 4, '45.36738180', '10.96203600'),
(4513, 4, '45.36739240', '10.96205830'),
(4514, 4, '45.36739940', '10.96207310'),
(4515, 4, '45.36742440', '10.96210040'),
(4516, 4, '45.36745410', '10.96211510'),
(4517, 4, '45.36748560', '10.96211570'),
(4518, 4, '45.36751560', '10.96210210'),
(4519, 4, '45.36754110', '10.96207580'),
(4520, 4, '45.36754590', '10.96206590'),
(4521, 4, '45.36771910', '10.96208130'),
(4522, 4, '45.36792380', '10.96227260'),
(4523, 4, '45.36797470', '10.96231470'),
(4524, 4, '45.36809380', '10.96241300'),
(4525, 4, '45.36835610', '10.96262610'),
(4526, 4, '45.36836290', '10.96263040'),
(4527, 4, '45.36867860', '10.96282780'),
(4528, 4, '45.36871020', '10.96284520'),
(4529, 4, '45.36902780', '10.96302050'),
(4530, 4, '45.36942510', '10.96323980'),
(4531, 4, '45.36956630', '10.96331780'),
(4532, 4, '45.36972490', '10.96340530'),
(4533, 4, '45.36995530', '10.96353250'),
(4534, 4, '45.37057480', '10.96383690'),
(4535, 4, '45.37099860', '10.96404520'),
(4536, 4, '45.37129080', '10.96418880'),
(4537, 4, '45.37203670', '10.96455860'),
(4538, 4, '45.37208370', '10.96458350'),
(4539, 4, '45.37366900', '10.96542220'),
(4540, 4, '45.37412760', '10.96566210'),
(4541, 4, '45.37428850', '10.96574120'),
(4542, 4, '45.37492610', '10.96610890'),
(4543, 4, '45.37504020', '10.96617700'),
(4544, 4, '45.37534840', '10.96636860'),
(4545, 4, '45.37628520', '10.96694250'),
(4546, 4, '45.37648880', '10.96706720'),
(4547, 4, '45.37648490', '10.96708650'),
(4548, 4, '45.37648970', '10.96713550'),
(4549, 4, '45.37650470', '10.96716380'),
(4550, 4, '45.37652520', '10.96718020'),
(4551, 4, '45.37654970', '10.96718390'),
(4552, 4, '45.37656840', '10.96717660'),
(4553, 4, '45.37658110', '10.96716530'),
(4554, 4, '45.37659270', '10.96714730'),
(4555, 4, '45.37659730', '10.96713570'),
(4556, 4, '45.37678260', '10.96724770'),
(4557, 4, '45.37694380', '10.96734900'),
(4558, 4, '45.37735310', '10.96760630'),
(4559, 4, '45.37784490', '10.96790710'),
(4560, 4, '45.37809650', '10.96806630'),
(4561, 4, '45.37824400', '10.96813830'),
(4562, 4, '45.37843370', '10.96819910'),
(4563, 4, '45.37858820', '10.96821250'),
(4564, 4, '45.37871350', '10.96819150'),
(4565, 4, '45.37890000', '10.96811580'),
(4566, 4, '45.38018680', '10.96740840'),
(4567, 4, '45.38067570', '10.96713960'),
(4568, 4, '45.38092190', '10.96706000'),
(4569, 4, '45.38106570', '10.96708330'),
(4570, 4, '45.38118640', '10.96716310'),
(4571, 4, '45.38128970', '10.96726550'),
(4572, 4, '45.38136840', '10.96735240'),
(4573, 4, '45.38145090', '10.96744570'),
(4574, 4, '45.38150270', '10.96757680'),
(4575, 4, '45.38154230', '10.96769480'),
(4576, 4, '45.38213700', '10.97031470'),
(4577, 4, '45.38217400', '10.97042790'),
(4578, 4, '45.38223750', '10.97050580'),
(4579, 4, '45.38233030', '10.97057110'),
(4580, 4, '45.38310920', '10.97102450'),
(4581, 4, '45.38446300', '10.97185940'),
(4582, 4, '45.38471880', '10.97202000'),
(4583, 4, '45.38490060', '10.97212400'),
(4584, 4, '45.38511010', '10.97224720'),
(4585, 4, '45.38515690', '10.97227340'),
(4586, 4, '45.38719080', '10.97349330'),
(4587, 4, '45.38756100', '10.97371540'),
(4588, 4, '45.38770740', '10.97380670'),
(4589, 4, '45.38777980', '10.97382390'),
(4590, 4, '45.38788960', '10.97379830'),
(4591, 4, '45.38795040', '10.97379430'),
(4592, 4, '45.38800220', '10.97379090'),
(4593, 4, '45.38807270', '10.97379950'),
(4594, 4, '45.38838050', '10.97397720'),
(4595, 4, '45.38860780', '10.97410850'),
(4596, 4, '45.38887120', '10.97426060'),
(4597, 4, '45.38900260', '10.97436270'),
(4598, 4, '45.38921320', '10.97455150'),
(4599, 4, '45.38945340', '10.97480690'),
(4600, 4, '45.38959530', '10.97492730'),
(4601, 4, '45.38975720', '10.97502910'),
(4602, 4, '45.38988010', '10.97515760'),
(4603, 4, '45.38993820', '10.97521020'),
(4604, 4, '45.38998920', '10.97527000'),
(4605, 4, '45.39002960', '10.97531980'),
(4606, 4, '45.39004440', '10.97537740'),
(4607, 4, '45.39005680', '10.97540410'),
(4608, 4, '45.39006960', '10.97542450'),
(4609, 4, '45.39010400', '10.97545950'),
(4610, 4, '45.39015210', '10.97548010'),
(4611, 4, '45.39019240', '10.97547850'),
(4612, 4, '45.39020630', '10.97547400'),
(4613, 4, '45.39022670', '10.97546340'),
(4614, 4, '45.39025600', '10.97543780'),
(4615, 4, '45.39036970', '10.97545450'),
(4616, 4, '45.39049170', '10.97550410'),
(4617, 4, '45.39061680', '10.97554100'),
(4618, 4, '45.39133290', '10.97597420'),
(4619, 4, '45.39194140', '10.97634230'),
(4620, 4, '45.39222680', '10.97651490'),
(4621, 4, '45.39237590', '10.97660510'),
(4622, 4, '45.39281550', '10.97687110'),
(4623, 4, '45.39465530', '10.97798170'),
(4624, 4, '45.39469540', '10.97800610'),
(4625, 4, '45.39478160', '10.97805830'),
(4626, 4, '45.39490000', '10.97813310'),
(4627, 4, '45.39527180', '10.97836790'),
(4628, 4, '45.39544870', '10.97850040'),
(4629, 4, '45.39605470', '10.97895430'),
(4630, 4, '45.39655780', '10.97920700'),
(4631, 4, '45.39748200', '10.97964690'),
(4632, 4, '45.39767260', '10.97979760'),
(4633, 4, '45.39788880', '10.97996840'),
(4634, 4, '45.39804780', '10.98009710'),
(4635, 4, '45.39826670', '10.98022050'),
(4636, 4, '45.39874390', '10.98046200'),
(4637, 4, '45.39893570', '10.98056530'),
(4638, 4, '45.39949150', '10.98087580'),
(4639, 4, '45.39961400', '10.98094420'),
(4640, 4, '45.39972200', '10.98100990'),
(4641, 4, '45.39986810', '10.98109670'),
(4642, 4, '45.40097490', '10.98175450'),
(4643, 4, '45.40114000', '10.98184580'),
(4644, 4, '45.40118100', '10.98186860'),
(4645, 4, '45.40124800', '10.98190580'),
(4646, 4, '45.40141810', '10.98203490'),
(4647, 4, '45.40149970', '10.98209060'),
(4648, 4, '45.40155400', '10.98212370'),
(4649, 4, '45.40191470', '10.98234390'),
(4650, 4, '45.40257930', '10.98273810'),
(4651, 4, '45.40356790', '10.98331180'),
(4652, 4, '45.40388090', '10.98350560'),
(4653, 4, '45.40399940', '10.98357680'),
(4654, 4, '45.40431570', '10.98375990'),
(4655, 4, '45.40439610', '10.98381660'),
(4656, 4, '45.40525330', '10.98431250'),
(4657, 4, '45.40554080', '10.98448190'),
(4658, 4, '45.40625510', '10.98490860'),
(4659, 4, '45.40633270', '10.98496640'),
(4660, 4, '45.40638930', '10.98502060'),
(4661, 4, '45.40650930', '10.98512460'),
(4662, 4, '45.40660020', '10.98517730'),
(4663, 4, '45.40702110', '10.98539740'),
(4664, 4, '45.40736100', '10.98555530'),
(4665, 4, '45.40742330', '10.98558480'),
(4666, 4, '45.40759480', '10.98567940'),
(4667, 4, '45.40866950', '10.98627140'),
(4668, 4, '45.40885380', '10.98637170'),
(4669, 4, '45.40894330', '10.98642300'),
(4670, 4, '45.40918770', '10.98656340'),
(4671, 4, '45.41011890', '10.98712370'),
(4672, 4, '45.41124170', '10.98778550'),
(4673, 4, '45.41223700', '10.98829750'),
(4674, 4, '45.41222550', '10.98818040'),
(4675, 4, '45.41221260', '10.98789470'),
(4676, 4, '45.41221110', '10.98776840'),
(4677, 4, '45.41223460', '10.98723340'),
(4678, 4, '45.41224410', '10.98682900'),
(4679, 4, '45.41229590', '10.98596120'),
(4680, 4, '45.41229750', '10.98592690'),
(4681, 4, '45.41230520', '10.98560250'),
(4682, 4, '45.41230600', '10.98557230'),
(4683, 4, '45.41230670', '10.98554410'),
(4684, 4, '45.41230570', '10.98542390'),
(4685, 4, '45.41241440', '10.98543770'),
(4686, 4, '45.41245870', '10.98544290'),
(4687, 4, '45.41261030', '10.98546280'),
(4688, 4, '45.41284150', '10.98555180'),
(4689, 4, '45.41321800', '10.98573760'),
(4690, 4, '45.41333570', '10.98579050'),
(4691, 4, '45.41342530', '10.98582850'),
(4692, 4, '45.41375600', '10.98589560'),
(4693, 4, '45.41415610', '10.98590890'),
(4694, 4, '45.41437120', '10.98590040'),
(4695, 4, '45.41465650', '10.98588560'),
(4696, 4, '45.41523050', '10.98586200'),
(4697, 4, '45.41582490', '10.98582140'),
(4698, 4, '45.41587570', '10.98580100'),
(4699, 4, '45.41698430', '10.98575730'),
(4700, 4, '45.41710260', '10.98576410'),
(4701, 4, '45.41716380', '10.98576750'),
(4702, 4, '45.41722420', '10.98575210'),
(4703, 4, '45.41726800', '10.98574100'),
(4704, 4, '45.41789720', '10.98580240'),
(4705, 4, '45.41796870', '10.98583880'),
(4706, 4, '45.41804780', '10.98589100'),
(4707, 4, '45.41812980', '10.98590840'),
(4708, 4, '45.41815940', '10.98583400'),
(4709, 4, '45.41819940', '10.98573610'),
(4710, 4, '45.41820500', '10.98567770'),
(4711, 4, '45.41819650', '10.98560260'),
(4712, 4, '45.41817770', '10.98555430'),
(4713, 4, '45.41811460', '10.98546580'),
(4714, 4, '45.41750760', '10.98516330'),
(4715, 4, '45.41747830', '10.98514870'),
(4716, 4, '45.41743400', '10.98507220'),
(4717, 4, '45.41741280', '10.98502660'),
(4718, 4, '45.41740060', '10.98496490'),
(4719, 4, '45.41740150', '10.98489850'),
(4720, 4, '45.41740620', '10.98478420'),
(4721, 4, '45.41746010', '10.98461640'),
(4722, 4, '45.41752230', '10.98442930'),
(4723, 4, '45.41757140', '10.98426120'),
(4724, 4, '45.41772390', '10.98378410'),
(4725, 4, '45.41777920', '10.98360230'),
(4726, 4, '45.41807060', '10.98268390'),
(4727, 4, '45.41832170', '10.98189260'),
(4728, 4, '45.41835050', '10.98179550'),
(4729, 4, '45.41838910', '10.98166510'),
(4730, 4, '45.41850080', '10.98171860'),
(4731, 4, '45.41891500', '10.98192650'),
(4732, 4, '45.41904000', '10.98199170'),
(4733, 4, '45.41920510', '10.98207480'),
(4734, 4, '45.42071790', '10.98282310'),
(4735, 4, '45.42414070', '10.98454500'),
(4736, 4, '45.42537300', '10.98516490'),
(4737, 4, '45.42558260', '10.98535700'),
(4738, 4, '45.42722230', '10.98617690'),
(4739, 4, '45.42730250', '10.98621730'),
(4740, 4, '45.42804090', '10.98658930'),
(4741, 4, '45.42845180', '10.98679970'),
(4742, 4, '45.42865840', '10.98690830'),
(4743, 4, '45.42886140', '10.98701740'),
(4744, 4, '45.42905050', '10.98712190'),
(4745, 4, '45.42948340', '10.98734620'),
(4746, 4, '45.42965920', '10.98743160'),
(4747, 4, '45.43012710', '10.98766730'),
(4748, 4, '45.43020930', '10.98770770'),
(4749, 4, '45.43024100', '10.98772420'),
(4750, 4, '45.43035520', '10.98771970'),
(4751, 4, '45.43044590', '10.98769750'),
(4752, 4, '45.43053850', '10.98765120'),
(4753, 4, '45.43056210', '10.98773860'),
(4754, 4, '45.43057770', '10.98779640'),
(4755, 4, '45.43059010', '10.98785060'),
(4756, 4, '45.43059870', '10.98788510'),
(4757, 4, '45.43060650', '10.98791670'),
(4758, 4, '45.43061660', '10.98795140'),
(4759, 4, '45.43062260', '10.98796860'),
(4760, 4, '45.43062880', '10.98798240'),
(4761, 4, '45.43064670', '10.98800940'),
(4762, 4, '45.43066290', '10.98804140'),
(4763, 4, '45.43071060', '10.98816230'),
(4764, 4, '45.43072740', '10.98819880'),
(4765, 4, '45.43072850', '10.98820110'),
(4766, 4, '45.43074500', '10.98823700'),
(4767, 4, '45.43075380', '10.98825400'),
(4768, 4, '45.43077700', '10.98829860'),
(4769, 4, '45.43084620', '10.98838390'),
(4770, 4, '45.43092470', '10.98844260'),
(4771, 4, '45.43111440', '10.98850200'),
(4772, 4, '45.43119410', '10.98852130'),
(4773, 4, '45.43139490', '10.98852130'),
(4774, 4, '45.43144090', '10.98851300'),
(4775, 4, '45.43161540', '10.98846920'),
(4776, 4, '45.43176860', '10.98844390'),
(4777, 4, '45.43185000', '10.98845840'),
(4778, 4, '45.43203320', '10.98853870'),
(4779, 4, '45.43206610', '10.98855550'),
(4780, 4, '45.43306630', '10.98906420'),
(4781, 4, '45.43310430', '10.98908390'),
(4782, 4, '45.43403490', '10.98956560'),
(4783, 4, '45.43484580', '10.98998530'),
(4784, 4, '45.43498860', '10.99005920'),
(4785, 4, '45.43507330', '10.99010310'),
(4786, 4, '45.43609570', '10.99063230'),
(4787, 4, '45.43618170', '10.99067680'),
(4788, 4, '45.43626950', '10.99072230'),
(4789, 4, '45.43661370', '10.99091040'),
(4790, 4, '45.43669050', '10.99095240'),
(4791, 4, '45.43681290', '10.99091760'),
(4792, 4, '45.43694230', '10.99098250'),
(4793, 4, '45.43696820', '10.99099480'),
(4794, 4, '45.43699960', '10.99100970'),
(4795, 4, '45.43712400', '10.99106890'),
(4796, 4, '45.43729290', '10.99114650'),
(4797, 4, '45.43735850', '10.99117640'),
(4798, 4, '45.43784590', '10.99142680'),
(4799, 4, '45.43807070', '10.99159110'),
(4800, 4, '45.43807800', '10.99159380'),
(4801, 4, '45.43808690', '10.99159700'),
(4802, 4, '45.43830770', '10.99161590'),
(4803, 4, '45.43838090', '10.99167710'),
(4804, 4, '45.43834610', '10.99179830'),
(4805, 4, '45.43825340', '10.99212750'),
(4806, 4, '45.43810870', '10.99259930'),
(4807, 4, '45.43803860', '10.99282370'),
(4808, 4, '45.43799550', '10.99292600'),
(4809, 4, '45.43787120', '10.99316890'),
(4810, 4, '45.43771680', '10.99339400'),
(4811, 4, '45.43761120', '10.99355390'),
(4812, 4, '45.43750290', '10.99392390'),
(4813, 4, '45.43747950', '10.99401090'),
(4814, 4, '45.43745540', '10.99413210'),
(4815, 4, '45.43740760', '10.99437580'),
(4816, 4, '45.43740300', '10.99440130'),
(4817, 4, '45.43739540', '10.99444330'),
(4818, 4, '45.43732220', '10.99476540'),
(4819, 4, '45.43730030', '10.99485640'),
(4820, 4, '45.43727680', '10.99494970'),
(4821, 4, '45.43725430', '10.99502180'),
(4822, 4, '45.43721840', '10.99510810'),
(4823, 4, '45.43718520', '10.99519490'),
(4824, 4, '45.43711330', '10.99535870'),
(4825, 4, '45.43718030', '10.99547620'),
(4826, 4, '45.43719040', '10.99551130'),
(4827, 4, '45.43720970', '10.99559250'),
(4828, 4, '45.43725150', '10.99578690'),
(4829, 4, '45.43736070', '10.99629650'),
(4830, 4, '45.43740690', '10.99643720'),
(4831, 4, '45.43756020', '10.99674340'),
(4832, 4, '45.43774480', '10.99699170'),
(4833, 4, '45.43789420', '10.99707060'),
(4834, 4, '45.43802420', '10.99730560'),
(4835, 4, '45.43822740', '10.99775710'),
(4836, 4, '45.43826640', '10.99783420'),
(4837, 4, '45.43848030', '10.99829100'),
(4838, 4, '45.43850670', '10.99834080'),
(4839, 4, '45.43870730', '10.99875690'),
(4840, 4, '45.43890550', '10.99915030'),
(4841, 4, '45.43904310', '10.99938970'),
(4842, 4, '45.43913380', '10.99952890'),
(4843, 4, '45.43923920', '10.99965050'),
(4844, 4, '45.43928560', '10.99969850'),
(4845, 4, '45.43950730', '11.00010070'),
(4846, 4, '45.43955930', '11.00022800'),
(4847, 4, '45.43956660', '11.00027790'),
(4848, 4, '45.43957080', '11.00035140'),
(4849, 4, '45.43955270', '11.00046100'),
(4850, 4, '45.43953000', '11.00050790'),
(4851, 4, '45.43949220', '11.00056880'),
(4852, 4, '45.43933050', '11.00075470'),
(4853, 4, '45.43928090', '11.00086140'),
(4854, 4, '45.43927670', '11.00089810'),
(4855, 4, '45.43915330', '11.00195790'),
(4856, 4, '45.43914840', '11.00199920'),
(4857, 4, '45.43914350', '11.00203980'),
(4858, 4, '45.43912240', '11.00215280'),
(4859, 4, '45.43911910', '11.00224180'),
(4860, 4, '45.43911470', '11.00236060'),
(4861, 4, '45.43911400', '11.00237960'),
(4862, 4, '45.43910930', '11.00241890'),
(4863, 4, '45.43908510', '11.00262110'),
(4864, 4, '45.43907210', '11.00273010'),
(4865, 4, '45.43904500', '11.00302330'),
(4866, 4, '45.43902460', '11.00346100'),
(4867, 4, '45.43903150', '11.00360430'),
(4868, 4, '45.43904890', '11.00403070'),
(4869, 4, '45.43905620', '11.00411700'),
(4870, 4, '45.43906530', '11.00419490'),
(4871, 4, '45.43933390', '11.00581420'),
(4872, 4, '45.43933780', '11.00583750'),
(4873, 4, '45.43936650', '11.00608860'),
(4874, 4, '45.43952820', '11.00729130'),
(4875, 4, '45.43957160', '11.00775530'),
(4876, 4, '45.43957590', '11.00779340'),
(4877, 4, '45.43960170', '11.00802080'),
(4878, 4, '45.43962170', '11.00847040'),
(4879, 4, '45.43963230', '11.00881740'),
(4880, 4, '45.43963550', '11.00892070'),
(4881, 4, '45.43966490', '11.00941090'),
(4882, 4, '45.43968110', '11.00969150'),
(4883, 4, '45.43970290', '11.00993610'),
(4884, 4, '45.43981200', '11.01106880'),
(4885, 4, '45.43981470', '11.01109270'),
(4886, 4, '45.43983740', '11.01131540'),
(4887, 4, '45.43997500', '11.01241300'),
(4888, 4, '45.43996850', '11.01257890'),
(4889, 4, '45.43995910', '11.01276930'),
(4890, 4, '45.43992870', '11.01301130'),
(4891, 4, '45.43992420', '11.01306070'),
(4892, 4, '45.43993120', '11.01314630'),
(4893, 4, '45.43988170', '11.01327210'),
(4894, 4, '45.43975350', '11.01377220'),
(4895, 4, '45.43961790', '11.01439320'),
(4896, 4, '45.43959900', '11.01442450'),
(4897, 4, '45.43956970', '11.01444370'),
(4898, 4, '45.43954630', '11.01444020'),
(4899, 4, '45.43937130', '11.01437760'),
(4900, 4, '45.43933250', '11.01453490'),
(4901, 4, '45.43930500', '11.01467810'),
(4902, 4, '45.43928550', '11.01477640'),
(4903, 4, '45.43926580', '11.01487550'),
(4904, 4, '45.43926180', '11.01489510'),
(4905, 4, '45.43924470', '11.01503950'),
(4906, 4, '45.43930740', '11.01506280'),
(4907, 4, '45.43943770', '11.01512410'),
(4908, 4, '45.43950290', '11.01525360'),
(4909, 4, '45.43958980', '11.01530080'),
(4910, 4, '45.43969090', '11.01534970'),
(4911, 4, '45.43970770', '11.01535460'),
(4912, 4, '45.44020020', '11.01557360'),
(4913, 4, '45.44041730', '11.01560130'),
(4914, 4, '45.44051790', '11.01564090'),
(4915, 4, '45.44057300', '11.01566940'),
(4916, 4, '45.44072350', '11.01574740'),
(4917, 4, '45.44078540', '11.01577950'),
(4918, 4, '45.44179760', '11.01645990'),
(4919, 4, '45.44191800', '11.01653700'),
(4920, 4, '45.44209430', '11.01668630'),
(4921, 4, '45.44252280', '11.01709580'),
(4922, 4, '45.44293810', '11.01748850'),
(4923, 4, '45.44314000', '11.01769600'),
(4924, 4, '45.44434650', '11.01889200'),
(4925, 4, '45.44440340', '11.01894800'),
(4926, 4, '45.44450500', '11.01904820'),
(4927, 4, '45.44459600', '11.01914700'),
(4928, 4, '45.44465180', '11.01921250'),
(4929, 4, '45.44491670', '11.01952310'),
(4930, 4, '45.44510820', '11.01971400'),
(4931, 4, '45.44531350', '11.01988790'),
(4932, 4, '45.44538090', '11.01992210'),
(4933, 4, '45.44545690', '11.01996060'),
(4934, 4, '45.44561230', '11.01999120'),
(4935, 4, '45.44582780', '11.02003220'),
(4936, 4, '45.44660820', '11.02004360'),
(4937, 4, '45.44691870', '11.02003280'),
(4938, 4, '45.44742770', '11.02001000'),
(4939, 4, '45.44745410', '11.02000730'),
(4940, 4, '45.44749370', '11.02000630'),
(4941, 4, '45.44808920', '11.01998990'),
(4942, 4, '45.44826700', '11.01998100'),
(4943, 4, '45.44831180', '11.01997980'),
(4944, 4, '45.44903770', '11.01995900'),
(4945, 4, '45.44913380', '11.01995630'),
(4946, 4, '45.44942990', '11.01995370'),
(4947, 4, '45.44965990', '11.01994930'),
(4948, 4, '45.44977700', '11.01994700'),
(4949, 4, '45.45016940', '11.01993890'),
(4950, 4, '45.45022860', '11.01993890'),
(4951, 4, '45.45046500', '11.01993450'),
(4952, 4, '45.45078170', '11.01992950'),
(4953, 4, '45.45081190', '11.01993090'),
(4954, 4, '45.45092110', '11.01992420'),
(4955, 4, '45.45144700', '11.01991480'),
(4956, 4, '45.45179040', '11.01989870'),
(4957, 4, '45.45198980', '11.01988510'),
(4958, 4, '45.45209400', '11.01987520'),
(4959, 4, '45.45212790', '11.01986880'),
(4960, 4, '45.45224800', '11.01984600'),
(4961, 4, '45.45288790', '11.01969300'),
(4962, 4, '45.45336290', '11.01956970'),
(4963, 4, '45.45366200', '11.01948790'),
(4964, 4, '45.45371860', '11.01946870'),
(4965, 4, '45.45381600', '11.01943260'),
(4966, 4, '45.45388930', '11.01940380'),
(4967, 4, '45.45395950', '11.01938190'),
(4968, 4, '45.45400060', '11.01939480'),
(4969, 4, '45.45404260', '11.01939040'),
(4970, 4, '45.45408200', '11.01936920'),
(4971, 4, '45.45416430', '11.01934060'),
(4972, 4, '45.45423350', '11.01932520'),
(4973, 4, '45.45428320', '11.01932440'),
(4974, 4, '45.45433680', '11.01933030'),
(4975, 4, '45.45439720', '11.01932220'),
(4976, 4, '45.45484550', '11.01925310'),
(4977, 4, '45.45493460', '11.01922990'),
(4978, 4, '45.45511570', '11.01916590'),
(4979, 4, '45.45564550', '11.01909470'),
(4980, 4, '45.45690980', '11.01883580'),
(4981, 4, '45.45699240', '11.01882250'),
(4982, 4, '45.45705090', '11.01881310'),
(4983, 4, '45.45757190', '11.01872900'),
(4984, 4, '45.45788490', '11.01866820'),
(4985, 4, '45.45806750', '11.01862590'),
(4986, 4, '45.45819990', '11.01860100'),
(4987, 4, '45.45847490', '11.01853190'),
(4988, 4, '45.45872710', '11.01857920'),
(4989, 4, '45.45887850', '11.01861720'),
(4990, 4, '45.45898830', '11.01867640'),
(4991, 4, '45.45898470', '11.01873120'),
(4992, 4, '45.45899170', '11.01877880'),
(4993, 4, '45.45901180', '11.01882940'),
(4994, 4, '45.45903550', '11.01886110'),
(4995, 4, '45.45905790', '11.01887920'),
(4996, 4, '45.45910330', '11.01889350'),
(4997, 4, '45.45915170', '11.01888110'),
(4998, 4, '45.45918350', '11.01885430'),
(4999, 4, '45.45920760', '11.01881660'),
(5000, 4, '45.45931970', '11.01872050'),
(5001, 4, '45.45953210', '11.01861050'),
(5002, 4, '45.45967080', '11.01860540'),
(5003, 4, '45.45982920', '11.01861350'),
(5004, 4, '45.46022890', '11.01865910'),
(5005, 4, '45.46083910', '11.01872810'),
(5006, 4, '45.46105060', '11.01875430'),
(5007, 4, '45.46132810', '11.01878530'),
(5008, 4, '45.46174230', '11.01879200'),
(5009, 4, '45.46205870', '11.01878610'),
(5010, 4, '45.46233570', '11.01877530'),
(5011, 4, '45.46257060', '11.01875500'),
(5012, 4, '45.46276990', '11.01873200'),
(5013, 4, '45.46333610', '11.01865190'),
(5014, 4, '45.46346720', '11.01862660'),
(5015, 4, '45.46376390', '11.01856680'),
(5016, 4, '45.46408020', '11.01854200'),
(5017, 4, '45.46434200', '11.01854300'),
(5018, 4, '45.46456950', '11.01862800'),
(5019, 4, '45.46464210', '11.01864550'),
(5020, 4, '45.46471730', '11.01865540'),
(5021, 4, '45.46486810', '11.01864500'),
(5022, 4, '45.46492340', '11.01863140'),
(5023, 4, '45.46526640', '11.01854480'),
(5024, 4, '45.46552430', '11.01852460'),
(5025, 4, '45.46562750', '11.01852430'),
(5026, 4, '45.46590010', '11.01852320'),
(5027, 4, '45.46613610', '11.01855270'),
(5028, 4, '45.46646510', '11.01857120'),
(5029, 4, '45.46705200', '11.01861280'),
(5030, 4, '45.46724830', '11.01865360'),
(5031, 4, '45.46755080', '11.01881430'),
(5032, 4, '45.46766470', '11.01885580'),
(5033, 4, '45.46783070', '11.01883290'),
(5034, 4, '45.46796210', '11.01876030'),
(5035, 4, '45.46808820', '11.01869530'),
(5036, 4, '45.46835650', '11.01849250'),
(5037, 4, '45.46871290', '11.01809800'),
(5038, 4, '45.46876590', '11.01800130'),
(5039, 4, '45.46878110', '11.01790410'),
(5040, 4, '45.46879070', '11.01743140'),
(5041, 4, '45.46879520', '11.01720080'),
(5042, 4, '45.46879970', '11.01696690'),
(5043, 4, '45.46883770', '11.01665740'),
(5044, 4, '45.46892210', '11.01636700'),
(5045, 4, '45.46897620', '11.01625140'),
(5046, 4, '45.46906920', '11.01608950'),
(5047, 4, '45.46920290', '11.01595140'),
(5048, 4, '45.46936150', '11.01587980'),
(5049, 4, '45.46964020', '11.01581430'),
(5050, 4, '45.47011920', '11.01568800'),
(5051, 4, '45.47022080', '11.01566120'),
(5052, 4, '45.47075000', '11.01551220'),
(5053, 4, '45.47116950', '11.01540600'),
(5054, 4, '45.47125030', '11.01540730'),
(5055, 4, '45.47145970', '11.01541110'),
(5056, 4, '45.47158200', '11.01543020'),
(5057, 4, '45.47161910', '11.01543280'),
(5058, 4, '45.47186730', '11.01546000'),
(5059, 4, '45.47212210', '11.01548760'),
(5060, 4, '45.47218050', '11.01549780'),
(5061, 4, '45.47243390', '11.01554710'),
(5062, 4, '45.47249120', '11.01557300'),
(5063, 4, '45.47255190', '11.01560040'),
(5064, 4, '45.47279930', '11.01573840'),
(5065, 4, '45.47301990', '11.01590670'),
(5066, 4, '45.47314400', '11.01603350'),
(5067, 4, '45.47331460', '11.01624600'),
(5068, 4, '45.47341270', '11.01642740'),
(5069, 4, '45.47347270', '11.01653770'),
(5070, 4, '45.47358520', '11.01671540'),
(5071, 4, '45.47370830', '11.01685730'),
(5072, 4, '45.47384160', '11.01695730'),
(5073, 4, '45.47400280', '11.01703430'),
(5074, 4, '45.47411580', '11.01705570'),
(5075, 4, '45.47426090', '11.01707050'),
(5076, 4, '45.47442940', '11.01710540'),
(5077, 4, '45.47489460', '11.01726750'),
(5078, 4, '45.47507810', '11.01733230'),
(5079, 4, '45.47519760', '11.01738360'),
(5080, 4, '45.47540960', '11.01745640'),
(5081, 4, '45.47558140', '11.01751240'),
(5082, 4, '45.47578700', '11.01761640'),
(5083, 4, '45.47588850', '11.01774200'),
(5084, 4, '45.47598200', '11.01806430'),
(5085, 4, '45.47609440', '11.01849860'),
(5086, 4, '45.47618420', '11.01874270'),
(5087, 4, '45.47623670', '11.01885960'),
(5088, 4, '45.47627280', '11.01901010'),
(5089, 4, '45.47627800', '11.01909800'),
(5090, 4, '45.47627330', '11.01917680'),
(5091, 4, '45.47622220', '11.01927400'),
(5092, 4, '45.47619210', '11.01938580'),
(5093, 4, '45.47618440', '11.01950510'),
(5094, 4, '45.47619980', '11.01962280'),
(5095, 4, '45.47622380', '11.01969980'),
(5096, 4, '45.47625770', '11.01976880'),
(5097, 4, '45.47630020', '11.01982720'),
(5098, 4, '45.47634980', '11.01987290'),
(5099, 4, '45.47640470', '11.01990420'),
(5100, 4, '45.47646560', '11.01992020'),
(5101, 4, '45.47652760', '11.01991840'),
(5102, 4, '45.47658800', '11.01989890'),
(5103, 4, '45.47664440', '11.01986240'),
(5104, 4, '45.47668310', '11.01982440'),
(5105, 4, '45.47673730', '11.01974330'),
(5106, 4, '45.47677530', '11.01964520'),
(5107, 4, '45.47679450', '11.01953650'),
(5108, 4, '45.47679370', '11.01942450'),
(5109, 4, '45.47675960', '11.01927670'),
(5110, 4, '45.47677690', '11.01910340'),
(5111, 4, '45.47681170', '11.01896120'),
(5112, 4, '45.47688320', '11.01881360'),
(5113, 4, '45.47694990', '11.01874390'),
(5114, 4, '45.47703270', '11.01868750'),
(5115, 4, '45.47713990', '11.01867820'),
(5116, 4, '45.47728950', '11.01870490'),
(5117, 4, '45.47738820', '11.01877870'),
(5118, 4, '45.47749460', '11.01894130'),
(5119, 4, '45.47755830', '11.01911540'),
(5120, 4, '45.47764560', '11.01947850'),
(5121, 4, '45.47770060', '11.01960350'),
(5122, 4, '45.47777280', '11.01972030'),
(5123, 4, '45.47793110', '11.01988160'),
(5124, 4, '45.47809340', '11.01998180'),
(5125, 4, '45.47829610', '11.02006350'),
(5126, 4, '45.47865170', '11.02009790'),
(5127, 4, '45.47893190', '11.02002900'),
(5128, 4, '45.47918320', '11.01995320'),
(5129, 4, '45.47953360', '11.01979480'),
(5130, 4, '45.47967200', '11.01971840'),
(5131, 4, '45.47983380', '11.01962730'),
(5132, 4, '45.47994490', '11.01956870'),
(5133, 4, '45.48000430', '11.01953950'),
(5134, 4, '45.48002570', '11.01952740'),
(5135, 4, '45.48041270', '11.01932010'),
(5136, 4, '45.48080490', '11.01910850'),
(5137, 4, '45.48129410', '11.01885000'),
(5138, 4, '45.48145630', '11.01877060'),
(5139, 4, '45.48164220', '11.01870050'),
(5140, 4, '45.48177360', '11.01867230'),
(5141, 4, '45.48192080', '11.01865280'),
(5142, 4, '45.48208200', '11.01863790'),
(5143, 4, '45.48224500', '11.01864920'),
(5144, 4, '45.48241020', '11.01867280'),
(5145, 4, '45.48260550', '11.01873120'),
(5146, 4, '45.48279600', '11.01880600'),
(5147, 4, '45.48315130', '11.01899110'),
(5148, 4, '45.48328450', '11.01905660');
INSERT INTO `bus_paths` (`id`, `bus_number_id`, `latitude`, `longitude`) VALUES
(5149, 4, '45.48361700', '11.01920620'),
(5150, 4, '45.48404090', '11.01935010'),
(5151, 4, '45.48421100', '11.01936430'),
(5152, 4, '45.48422480', '11.01936500'),
(5153, 4, '45.48446470', '11.01937630'),
(5154, 4, '45.48470350', '11.01932850'),
(5155, 4, '45.48512750', '11.01919890'),
(5156, 4, '45.48516810', '11.01918480'),
(5157, 4, '45.48550320', '11.01906810'),
(5158, 4, '45.48598080', '11.01890570'),
(5159, 4, '45.48647440', '11.01879600'),
(5160, 4, '45.48690090', '11.01879010'),
(5161, 4, '45.48709080', '11.01881060'),
(5162, 4, '45.48729760', '11.01883300'),
(5163, 4, '45.48773170', '11.01888670'),
(5164, 4, '45.48791210', '11.01891950'),
(5165, 4, '45.48808180', '11.01897070'),
(5166, 4, '45.48812150', '11.01898480'),
(5167, 4, '45.48843680', '11.01909680'),
(5168, 4, '45.48863050', '11.01925760'),
(5169, 4, '45.48876240', '11.01943330'),
(5170, 4, '45.48878940', '11.01952360'),
(5171, 4, '45.48883740', '11.01959400'),
(5172, 4, '45.48890000', '11.01963490'),
(5173, 4, '45.48896870', '11.01964080'),
(5174, 4, '45.48901530', '11.01962360'),
(5175, 4, '45.48905730', '11.01959000'),
(5176, 4, '45.48909190', '11.01954230'),
(5177, 4, '45.48911680', '11.01948350'),
(5178, 4, '45.48913050', '11.01941770'),
(5179, 4, '45.48913280', '11.01937840'),
(5180, 4, '45.48914350', '11.01928920'),
(5181, 4, '45.48918110', '11.01921410'),
(5182, 4, '45.48922810', '11.01915780'),
(5183, 4, '45.48929200', '11.01911760'),
(5184, 4, '45.48935870', '11.01909230'),
(5185, 4, '45.48946970', '11.01911620'),
(5186, 4, '45.48993150', '11.01928140'),
(5187, 4, '45.49005570', '11.01934040'),
(5188, 4, '45.49013390', '11.01937760'),
(5189, 4, '45.49027500', '11.01946090'),
(5190, 4, '45.49048060', '11.01955650'),
(5191, 4, '45.49076200', '11.01968300'),
(5192, 4, '45.49086440', '11.01975990'),
(5193, 4, '45.49095590', '11.01983120'),
(5194, 4, '45.49096840', '11.01987330'),
(5195, 4, '45.49098760', '11.01990410'),
(5196, 4, '45.49100830', '11.01992250'),
(5197, 4, '45.49103070', '11.01993240'),
(5198, 4, '45.49105980', '11.01993320'),
(5199, 4, '45.49109260', '11.01991750'),
(5200, 4, '45.49112010', '11.01988430'),
(5201, 4, '45.49113430', '11.01984890'),
(5202, 4, '45.49114050', '11.01980470'),
(5203, 4, '45.49119020', '11.01973650'),
(5204, 4, '45.49124830', '11.01966460'),
(5205, 4, '45.49173060', '11.01951280'),
(5206, 4, '45.49221550', '11.01932790'),
(5207, 4, '45.49242340', '11.01922620'),
(5208, 4, '45.49263200', '11.01915670'),
(5209, 4, '45.49272790', '11.01912600'),
(5210, 4, '45.49302740', '11.01904500'),
(5211, 4, '45.49361630', '11.01888830'),
(5212, 4, '45.49380830', '11.01887940'),
(5213, 4, '45.49403700', '11.01886400'),
(5214, 4, '45.49427600', '11.01887800'),
(5215, 4, '45.49467130', '11.01895470'),
(5216, 4, '45.49477580', '11.01897080'),
(5217, 4, '45.49506730', '11.01901480'),
(5218, 4, '45.49521990', '11.01903780'),
(5219, 4, '45.49550620', '11.01906090'),
(5220, 4, '45.49583010', '11.01905080'),
(5221, 4, '45.49615380', '11.01900420'),
(5222, 4, '45.49625330', '11.01899880'),
(5223, 4, '45.49647200', '11.01898700'),
(5224, 4, '45.49674910', '11.01894390'),
(5225, 4, '45.49692320', '11.01887950'),
(5226, 4, '45.49703400', '11.01881810'),
(5227, 4, '45.49705630', '11.01880570'),
(5228, 4, '45.49742160', '11.01857260'),
(5229, 4, '45.49753390', '11.01849770'),
(5230, 4, '45.49766500', '11.01838130'),
(5231, 4, '45.49768890', '11.01836330'),
(5232, 4, '45.49776870', '11.01831350'),
(5233, 4, '45.49866370', '11.01775480'),
(5234, 4, '45.49890930', '11.01762750'),
(5235, 4, '45.49914260', '11.01755340'),
(5236, 4, '45.49925330', '11.01752300'),
(5237, 4, '45.49935540', '11.01749250'),
(5238, 4, '45.49941350', '11.01747510'),
(5239, 4, '45.49988500', '11.01733420'),
(5240, 4, '45.50006570', '11.01727840'),
(5241, 4, '45.50024610', '11.01722700'),
(5242, 4, '45.50049300', '11.01715360'),
(5243, 4, '45.50073670', '11.01711940'),
(5244, 4, '45.50087280', '11.01711590'),
(5245, 4, '45.50110100', '11.01716050'),
(5246, 4, '45.50150920', '11.01720160'),
(5247, 4, '45.50189280', '11.01719850'),
(5248, 4, '45.50248380', '11.01715390'),
(5249, 4, '45.50289980', '11.01713450'),
(5250, 4, '45.50339440', '11.01711880'),
(5251, 4, '45.50352720', '11.01711460'),
(5252, 4, '45.50390950', '11.01710240'),
(5253, 4, '45.50422720', '11.01710240'),
(5254, 4, '45.50424640', '11.01710240'),
(5255, 4, '45.50449280', '11.01708420'),
(5256, 4, '45.50496450', '11.01699330'),
(5257, 4, '45.50518130', '11.01694440'),
(5258, 4, '45.50539760', '11.01689560'),
(5259, 4, '45.50575870', '11.01681570'),
(5260, 4, '45.50612920', '11.01680200'),
(5261, 4, '45.50715780', '11.01692220'),
(5262, 4, '45.50761490', '11.01698230'),
(5263, 4, '45.50797570', '11.01696810'),
(5264, 4, '45.50827060', '11.01695650'),
(5265, 4, '45.50850840', '11.01693040'),
(5266, 4, '45.50905250', '11.01687070'),
(5267, 4, '45.50926910', '11.01684500'),
(5268, 4, '45.51084480', '11.01670910'),
(5269, 4, '45.51164610', '11.01658030'),
(5270, 4, '45.51192160', '11.01653600'),
(5271, 4, '45.51266220', '11.01634750'),
(5272, 4, '45.51300220', '11.01626430'),
(5273, 4, '45.51318470', '11.01621840'),
(5274, 4, '45.51333290', '11.01620210'),
(5275, 4, '45.51380050', '11.01612820'),
(5276, 4, '45.51452360', '11.01611350'),
(5277, 4, '45.51476990', '11.01614240'),
(5278, 4, '45.51513010', '11.01615530'),
(5279, 4, '45.51531710', '11.01617340'),
(5280, 4, '45.51537100', '11.01617860'),
(5281, 4, '45.51587180', '11.01622190'),
(5282, 4, '45.51600100', '11.01623290'),
(5283, 4, '45.51632420', '11.01628710'),
(5284, 4, '45.51637870', '11.01628840'),
(5285, 4, '45.51755220', '11.01632940'),
(5286, 4, '45.51762260', '11.01634200'),
(5287, 4, '45.51805300', '11.01637550'),
(5288, 4, '45.51808160', '11.01637530'),
(5289, 4, '45.51843630', '11.01637900'),
(5290, 4, '45.51847270', '11.01637940'),
(5291, 4, '45.51854560', '11.01638270'),
(5292, 4, '45.51864320', '11.01643710'),
(5293, 4, '45.51872500', '11.01649260'),
(5294, 4, '45.51886410', '11.01645380'),
(5295, 4, '45.51896410', '11.01646690'),
(5296, 4, '45.51903380', '11.01647970'),
(5297, 4, '45.51930170', '11.01651930'),
(5298, 4, '45.51946520', '11.01655950'),
(5299, 4, '45.51950540', '11.01656600'),
(5300, 4, '45.52006270', '11.01670080'),
(5301, 4, '45.52026220', '11.01671300'),
(5302, 4, '45.52027750', '11.01674850'),
(5303, 4, '45.52036150', '11.01694560'),
(5304, 4, '45.52059230', '11.01729300'),
(5305, 4, '45.52096760', '11.01767800'),
(5306, 4, '45.52121020', '11.01752650'),
(5307, 4, '45.52135920', '11.01746740'),
(5308, 4, '45.52197030', '11.01721490'),
(5309, 4, '45.52260270', '11.01697370'),
(5310, 4, '45.52280830', '11.01687580'),
(5311, 4, '45.52301160', '11.01678490'),
(5312, 4, '45.52435730', '11.01576260'),
(5313, 4, '45.52456910', '11.01560900'),
(5314, 4, '45.52514730', '11.01518590'),
(5315, 4, '45.52535390', '11.01503490'),
(5316, 4, '45.52541790', '11.01499150'),
(5317, 4, '45.52565520', '11.01482120'),
(5318, 4, '45.52591630', '11.01467380'),
(5319, 4, '45.52610850', '11.01457900'),
(5320, 4, '45.52649650', '11.01442910'),
(5321, 4, '45.52683600', '11.01430440'),
(5322, 4, '45.52735850', '11.01395690'),
(5323, 4, '45.52765410', '11.01371870'),
(5324, 4, '45.52778000', '11.01360470'),
(5325, 4, '45.52811210', '11.01331450'),
(5326, 4, '45.52815490', '11.01327710'),
(5327, 4, '45.52847400', '11.01298680'),
(5328, 4, '45.52885910', '11.01263940'),
(5329, 4, '45.52912410', '11.01240720'),
(5330, 4, '45.52934870', '11.01221390'),
(5331, 4, '45.52960020', '11.01198460'),
(5332, 4, '45.52978840', '11.01182000'),
(5333, 4, '45.52988220', '11.01171850'),
(5334, 4, '45.52991050', '11.01167620'),
(5335, 4, '45.52996010', '11.01155260'),
(5336, 4, '45.52999230', '11.01141020'),
(5337, 4, '45.53003520', '11.01117830'),
(5338, 4, '45.53006000', '11.01099700'),
(5339, 4, '45.53005360', '11.01083130'),
(5340, 4, '45.52998970', '11.01065430'),
(5341, 4, '45.52973040', '11.01021980'),
(5342, 4, '45.52965180', '11.01013360'),
(5343, 4, '45.52950120', '11.00999990'),
(5344, 4, '45.52943730', '11.00986040'),
(5345, 4, '45.52939310', '11.00977430'),
(5346, 4, '45.52938330', '11.00969210'),
(5347, 4, '45.52938890', '11.00961080'),
(5348, 4, '45.52942900', '11.00952780'),
(5349, 4, '45.52946520', '11.00944830'),
(5350, 4, '45.52951970', '11.00925370'),
(5351, 4, '45.52959380', '11.00914520'),
(5352, 4, '45.52961740', '11.00911360'),
(5353, 4, '45.52969960', '11.00900040'),
(5354, 4, '45.52979680', '11.00888250'),
(5355, 4, '45.52989540', '11.00876160'),
(5356, 4, '45.52994310', '11.00863030'),
(5357, 4, '45.52998790', '11.00848370'),
(5358, 4, '45.53000930', '11.00842290'),
(5359, 4, '45.53003770', '11.00843750'),
(5360, 4, '45.53006770', '11.00843970'),
(5361, 4, '45.53009700', '11.00842950'),
(5362, 4, '45.53012880', '11.00840040'),
(5363, 4, '45.53015120', '11.00835690'),
(5364, 4, '45.53016120', '11.00830480'),
(5365, 4, '45.53027340', '11.00831710'),
(5366, 4, '45.53034380', '11.00831800'),
(5367, 4, '45.53044410', '11.00829880'),
(5368, 4, '45.53046250', '11.00829630'),
(5369, 4, '45.53054350', '11.00824950'),
(5370, 4, '45.53078260', '11.00805250'),
(5371, 4, '45.53109320', '11.00780600'),
(5372, 4, '45.53127210', '11.00764660'),
(5373, 4, '45.53148510', '11.00739400'),
(5374, 4, '45.53160610', '11.00723550'),
(5375, 4, '45.53186270', '11.00683840'),
(5376, 4, '45.53213750', '11.00643730'),
(5377, 4, '45.53218590', '11.00637410'),
(5378, 4, '45.53235650', '11.00617110'),
(5379, 4, '45.53249870', '11.00600140'),
(5380, 4, '45.53278230', '11.00568320'),
(5381, 4, '45.53307550', '11.00539760'),
(5382, 4, '45.53338990', '11.00511090'),
(5383, 4, '45.53357510', '11.00494210'),
(5384, 4, '45.53362130', '11.00490360'),
(5385, 4, '45.53369050', '11.00484590'),
(5386, 4, '45.53400580', '11.00458630'),
(5387, 4, '45.53427470', '11.00438800'),
(5388, 4, '45.53457440', '11.00423640'),
(5389, 4, '45.53495270', '11.00411200'),
(5390, 4, '45.53544550', '11.00399660'),
(5391, 4, '45.53552770', '11.00398170'),
(5392, 4, '45.53563250', '11.00396180'),
(5393, 4, '45.53572910', '11.00395160'),
(5394, 4, '45.53665440', '11.00386960'),
(5395, 4, '45.53680710', '11.00385530'),
(5396, 4, '45.53756410', '11.00378770'),
(5397, 4, '45.53767120', '11.00377720'),
(5398, 4, '45.53780280', '11.00376440'),
(5399, 4, '45.53809330', '11.00372650'),
(5400, 4, '45.53930340', '11.00357660'),
(5401, 4, '45.53979020', '11.00350670'),
(5402, 4, '45.54003150', '11.00347920'),
(5403, 4, '45.54024800', '11.00344880'),
(5404, 4, '45.54110380', '11.00336240'),
(5405, 4, '45.54163020', '11.00331430'),
(5406, 4, '45.54169340', '11.00330850'),
(5407, 4, '45.54182930', '11.00328940'),
(5408, 4, '45.54192830', '11.00327550'),
(5409, 4, '45.54246390', '11.00320310'),
(5410, 4, '45.54275710', '11.00314010'),
(5411, 4, '45.54306480', '11.00307600'),
(5412, 4, '45.54317680', '11.00305270'),
(5413, 4, '45.54384810', '11.00291090'),
(5414, 4, '45.54393670', '11.00289200'),
(5415, 4, '45.54453030', '11.00277400'),
(5416, 4, '45.54498300', '11.00272300'),
(5417, 4, '45.54530610', '11.00270160'),
(5418, 4, '45.54541340', '11.00272580'),
(5419, 4, '45.54551090', '11.00276320'),
(5420, 4, '45.54556330', '11.00280040'),
(5421, 4, '45.54565740', '11.00286720'),
(5422, 4, '45.54575370', '11.00332530'),
(5423, 4, '45.54580870', '11.00352530'),
(5424, 4, '45.54593040', '11.00369900'),
(5425, 4, '45.54604200', '11.00381450'),
(5426, 4, '45.54604540', '11.00381800'),
(5427, 4, '45.54623580', '11.00388860'),
(5428, 4, '45.54655480', '11.00389250'),
(5429, 4, '45.54688430', '11.00387190'),
(5430, 4, '45.54707000', '11.00380750'),
(5431, 4, '45.43050580', '10.98755930'),
(5432, 4, '45.43052370', '10.98760730'),
(5433, 4, '45.43053850', '10.98765120'),
(5434, 4, '45.43055950', '10.98763640'),
(5435, 4, '45.43057800', '10.98761450'),
(5436, 4, '45.43059900', '10.98757990'),
(5437, 4, '45.43060300', '10.98757140'),
(5438, 4, '45.43060570', '10.98756310'),
(5439, 4, '45.43060670', '10.98755920'),
(5440, 4, '45.43060740', '10.98755460'),
(5441, 4, '45.43060800', '10.98755060'),
(5442, 4, '45.43060820', '10.98754620'),
(5443, 4, '45.43059480', '10.98746280'),
(5444, 4, '45.43055920', '10.98724350'),
(5445, 4, '45.43045470', '10.98671110'),
(5446, 4, '45.43041990', '10.98652730'),
(5447, 4, '45.43032570', '10.98621110'),
(5448, 4, '45.43020370', '10.98554870'),
(5449, 4, '45.43015680', '10.98533230'),
(5450, 4, '45.43011220', '10.98510630'),
(5451, 4, '45.43004890', '10.98480120'),
(5452, 4, '45.43004050', '10.98457320'),
(5453, 4, '45.43008010', '10.98441000'),
(5454, 4, '45.43011620', '10.98423540'),
(5455, 4, '45.43019440', '10.98405730'),
(5456, 4, '45.43023860', '10.98393550'),
(5457, 4, '45.43033380', '10.98370340'),
(5458, 4, '45.43062790', '10.98302420'),
(5459, 4, '45.43067890', '10.98291260'),
(5460, 4, '45.43070150', '10.98285930'),
(5461, 4, '45.43073910', '10.98276760'),
(5462, 4, '45.43087580', '10.98255180'),
(5463, 4, '45.43073120', '10.98243310'),
(5464, 4, '45.43058850', '10.98225260'),
(5465, 4, '45.43031440', '10.98236570'),
(5466, 4, '45.43018270', '10.98241800'),
(5467, 4, '45.42970600', '10.98260740'),
(5468, 4, '45.42966100', '10.98264060'),
(5469, 4, '45.42961750', '10.98267840'),
(5470, 4, '45.42959620', '10.98271470'),
(5471, 4, '45.42958020', '10.98274930'),
(5472, 4, '45.42957440', '10.98280060'),
(5473, 4, '45.42957250', '10.98287610'),
(5474, 4, '45.42962630', '10.98317790'),
(5475, 4, '45.42977670', '10.98399610'),
(5476, 4, '45.42984110', '10.98434100'),
(5477, 4, '45.42996450', '10.98488580'),
(5478, 4, '45.43000120', '10.98508450'),
(5479, 4, '45.43001540', '10.98517440'),
(5480, 4, '45.43002980', '10.98525070'),
(5481, 4, '45.43008740', '10.98555570'),
(5482, 4, '45.43018010', '10.98605280'),
(5483, 4, '45.43024790', '10.98641630'),
(5484, 4, '45.43027430', '10.98655240'),
(5485, 4, '45.43031950', '10.98678550'),
(5486, 4, '45.43037780', '10.98708640'),
(5487, 4, '45.43040840', '10.98724400'),
(5488, 4, '45.43041720', '10.98729210'),
(5489, 4, '45.43050580', '10.98755930'),
(5490, 5, '45.45929260', '11.00200830'),
(5491, 5, '45.45947260', '11.00203580'),
(5492, 5, '45.45948810', '11.00184870'),
(5493, 5, '45.45936640', '11.00183130'),
(5494, 5, '45.45933730', '11.00184990'),
(5495, 5, '45.45930700', '11.00189730'),
(5496, 5, '45.45929630', '11.00194640'),
(5497, 5, '45.45929260', '11.00200830'),
(5498, 5, '45.45923900', '11.00199810'),
(5499, 5, '45.45842310', '11.00188460'),
(5500, 5, '45.45791740', '11.00180450'),
(5501, 5, '45.45742080', '11.00172260'),
(5502, 5, '45.45623200', '11.00154420'),
(5503, 5, '45.45599040', '11.00151220'),
(5504, 5, '45.45589310', '11.00150310'),
(5505, 5, '45.45561520', '11.00146940'),
(5506, 5, '45.45534180', '11.00143500'),
(5507, 5, '45.45517960', '11.00141460'),
(5508, 5, '45.45481850', '11.00136570'),
(5509, 5, '45.45471270', '11.00135590'),
(5510, 5, '45.45442970', '11.00130630'),
(5511, 5, '45.45439840', '11.00130080'),
(5512, 5, '45.45410450', '11.00124930'),
(5513, 5, '45.45393720', '11.00122400'),
(5514, 5, '45.45385040', '11.00121090'),
(5515, 5, '45.45319970', '11.00112970'),
(5516, 5, '45.45316360', '11.00112570'),
(5517, 5, '45.45242440', '11.00104400'),
(5518, 5, '45.45117350', '11.00088560'),
(5519, 5, '45.45111500', '11.00087820'),
(5520, 5, '45.45106680', '11.00087170'),
(5521, 5, '45.45091130', '11.00084620'),
(5522, 5, '45.45092380', '11.00072090'),
(5523, 5, '45.45093340', '11.00063060'),
(5524, 5, '45.45098290', '11.00031380'),
(5525, 5, '45.45103190', '10.99988690'),
(5526, 5, '45.45104510', '10.99975430'),
(5527, 5, '45.45111730', '10.99912810'),
(5528, 5, '45.45115680', '10.99869740'),
(5529, 5, '45.45114080', '10.99853460'),
(5530, 5, '45.45112670', '10.99849140'),
(5531, 5, '45.45088100', '10.99780860'),
(5532, 5, '45.45050000', '10.99674970'),
(5533, 5, '45.45014760', '10.99682220'),
(5534, 5, '45.44998010', '10.99690660'),
(5535, 5, '45.44975770', '10.99690150'),
(5536, 5, '45.44963550', '10.99692800'),
(5537, 5, '45.44959660', '10.99693640'),
(5538, 5, '45.44943110', '10.99694770'),
(5539, 5, '45.44933150', '10.99694710'),
(5540, 5, '45.44929440', '10.99694370'),
(5541, 5, '45.44923790', '10.99693840'),
(5542, 5, '45.44919530', '10.99737700'),
(5543, 5, '45.44912500', '10.99777510'),
(5544, 5, '45.44903200', '10.99830180'),
(5545, 5, '45.44900670', '10.99846800'),
(5546, 5, '45.44893880', '10.99891330'),
(5547, 5, '45.44885590', '10.99918870'),
(5548, 5, '45.44868350', '10.99969920'),
(5549, 5, '45.44853270', '11.00003480'),
(5550, 5, '45.44838720', '11.00026110'),
(5551, 5, '45.44832650', '11.00033290'),
(5552, 5, '45.44829500', '11.00036650'),
(5553, 5, '45.44824030', '11.00042290'),
(5554, 5, '45.44817740', '11.00048910'),
(5555, 5, '45.44813270', '11.00053280'),
(5556, 5, '45.44803380', '11.00063480'),
(5557, 5, '45.44778020', '11.00090590'),
(5558, 5, '45.44730820', '11.00141930'),
(5559, 5, '45.44718440', '11.00152420'),
(5560, 5, '45.44697470', '11.00164790'),
(5561, 5, '45.44693690', '11.00166910'),
(5562, 5, '45.44684510', '11.00171700'),
(5563, 5, '45.44674770', '11.00176090'),
(5564, 5, '45.44655030', '11.00185350'),
(5565, 5, '45.44649420', '11.00188560'),
(5566, 5, '45.44642790', '11.00192960'),
(5567, 5, '45.44626480', '11.00207300'),
(5568, 5, '45.44604560', '11.00229280'),
(5569, 5, '45.44601740', '11.00232390'),
(5570, 5, '45.44554540', '11.00284480'),
(5571, 5, '45.44537350', '11.00307480'),
(5572, 5, '45.44515410', '11.00338870'),
(5573, 5, '45.44493190', '11.00368470'),
(5574, 5, '45.44487050', '11.00376020'),
(5575, 5, '45.44480170', '11.00381500'),
(5576, 5, '45.44471240', '11.00386990'),
(5577, 5, '45.44465700', '11.00389880'),
(5578, 5, '45.44446750', '11.00399780'),
(5579, 5, '45.44424020', '11.00408450'),
(5580, 5, '45.44413250', '11.00411970'),
(5581, 5, '45.44401290', '11.00415830'),
(5582, 5, '45.44394750', '11.00418080'),
(5583, 5, '45.44384190', '11.00420540'),
(5584, 5, '45.44362060', '11.00423420'),
(5585, 5, '45.44346380', '11.00424120'),
(5586, 5, '45.44333190', '11.00424100'),
(5587, 5, '45.44321060', '11.00423980'),
(5588, 5, '45.44308590', '11.00423290'),
(5589, 5, '45.44298170', '11.00421910'),
(5590, 5, '45.44289790', '11.00420500'),
(5591, 5, '45.44276830', '11.00417610'),
(5592, 5, '45.44261570', '11.00412860'),
(5593, 5, '45.44252080', '11.00409620'),
(5594, 5, '45.44241710', '11.00405920'),
(5595, 5, '45.44233110', '11.00402000'),
(5596, 5, '45.44217550', '11.00392600'),
(5597, 5, '45.44214770', '11.00390750'),
(5598, 5, '45.44203680', '11.00382820'),
(5599, 5, '45.44197160', '11.00378520'),
(5600, 5, '45.44193770', '11.00376580'),
(5601, 5, '45.44170360', '11.00363230'),
(5602, 5, '45.44114840', '11.00328880'),
(5603, 5, '45.44109240', '11.00325420'),
(5604, 5, '45.44043880', '11.00283780'),
(5605, 5, '45.43996890', '11.00253690'),
(5606, 5, '45.43984260', '11.00245600'),
(5607, 5, '45.43969730', '11.00237130'),
(5608, 5, '45.43958670', '11.00230230'),
(5609, 5, '45.43944820', '11.00222870'),
(5610, 5, '45.43922930', '11.00218840'),
(5611, 5, '45.43920660', '11.00218330'),
(5612, 5, '45.43919060', '11.00217940'),
(5613, 5, '45.43917400', '11.00217290'),
(5614, 5, '45.43912240', '11.00215280'),
(5615, 5, '45.43914350', '11.00203980'),
(5616, 5, '45.43914840', '11.00199920'),
(5617, 5, '45.43915330', '11.00195790'),
(5618, 5, '45.43927670', '11.00089810'),
(5619, 5, '45.43928090', '11.00086140'),
(5620, 5, '45.43933050', '11.00075470'),
(5621, 5, '45.43949220', '11.00056880'),
(5622, 5, '45.43953000', '11.00050790'),
(5623, 5, '45.43955270', '11.00046100'),
(5624, 5, '45.43957080', '11.00035140'),
(5625, 5, '45.43956660', '11.00027790'),
(5626, 5, '45.43955930', '11.00022800'),
(5627, 5, '45.43950730', '11.00010070'),
(5628, 5, '45.43928560', '10.99969850'),
(5629, 5, '45.43923920', '10.99965050'),
(5630, 5, '45.43913380', '10.99952890'),
(5631, 5, '45.43904310', '10.99938970'),
(5632, 5, '45.43890550', '10.99915030'),
(5633, 5, '45.43870730', '10.99875690'),
(5634, 5, '45.43850670', '10.99834080'),
(5635, 5, '45.43848030', '10.99829100'),
(5636, 5, '45.43826640', '10.99783420'),
(5637, 5, '45.43822740', '10.99775710'),
(5638, 5, '45.43802420', '10.99730560'),
(5639, 5, '45.43789420', '10.99707060'),
(5640, 5, '45.43774480', '10.99699170'),
(5641, 5, '45.43756020', '10.99674340'),
(5642, 5, '45.43740690', '10.99643720'),
(5643, 5, '45.43736070', '10.99629650'),
(5644, 5, '45.43725150', '10.99578690'),
(5645, 5, '45.43720970', '10.99559250'),
(5646, 5, '45.43719040', '10.99551130'),
(5647, 5, '45.43718030', '10.99547620'),
(5648, 5, '45.43711330', '10.99535870'),
(5649, 5, '45.43718520', '10.99519490'),
(5650, 5, '45.43721840', '10.99510810'),
(5651, 5, '45.43725430', '10.99502180'),
(5652, 5, '45.43727680', '10.99494970'),
(5653, 5, '45.43730030', '10.99485640'),
(5654, 5, '45.43732220', '10.99476540'),
(5655, 5, '45.43739540', '10.99444330'),
(5656, 5, '45.43740300', '10.99440130'),
(5657, 5, '45.43740760', '10.99437580'),
(5658, 5, '45.43745540', '10.99413210'),
(5659, 5, '45.43736940', '10.99409640'),
(5660, 5, '45.43733700', '10.99408300'),
(5661, 5, '45.43726620', '10.99406470'),
(5662, 5, '45.43715230', '10.99403530'),
(5663, 5, '45.43699430', '10.99399600'),
(5664, 5, '45.43693810', '10.99395470'),
(5665, 5, '45.43687970', '10.99389360'),
(5666, 5, '45.43682320', '10.99383140'),
(5667, 5, '45.43676730', '10.99378040'),
(5668, 5, '45.43672210', '10.99374670'),
(5669, 5, '45.43646320', '10.99360000'),
(5670, 5, '45.43626260', '10.99348680'),
(5671, 5, '45.43620290', '10.99345460'),
(5672, 5, '45.43612780', '10.99341740'),
(5673, 5, '45.43607620', '10.99339540'),
(5674, 5, '45.43575640', '10.99323780'),
(5675, 5, '45.43567060', '10.99319310'),
(5676, 5, '45.43531530', '10.99300560'),
(5677, 5, '45.43511030', '10.99286590'),
(5678, 5, '45.43507610', '10.99283720'),
(5679, 5, '45.43472850', '10.99254620'),
(5680, 5, '45.43442090', '10.99224970'),
(5681, 5, '45.43429540', '10.99212880'),
(5682, 5, '45.43420960', '10.99205650'),
(5683, 5, '45.43363300', '10.99156900'),
(5684, 5, '45.43350070', '10.99148130'),
(5685, 5, '45.43314620', '10.99134770'),
(5686, 5, '45.43308680', '10.99132460'),
(5687, 5, '45.43224840', '10.99093040'),
(5688, 5, '45.43220400', '10.99090960'),
(5689, 5, '45.43206410', '10.99083570'),
(5690, 5, '45.43180960', '10.99067680'),
(5691, 5, '45.43178510', '10.99066150'),
(5692, 5, '45.43151800', '10.99050630'),
(5693, 5, '45.43147340', '10.99045080'),
(5694, 5, '45.43145000', '10.99001670'),
(5695, 5, '45.43144420', '10.98963550'),
(5696, 5, '45.43145830', '10.98948880'),
(5697, 5, '45.43149210', '10.98926500'),
(5698, 5, '45.43156290', '10.98886620'),
(5699, 5, '45.43159820', '10.98863600'),
(5700, 5, '45.43160580', '10.98857700'),
(5701, 5, '45.43161540', '10.98846920'),
(5702, 5, '45.43144090', '10.98851300'),
(5703, 5, '45.43139490', '10.98852130'),
(5704, 5, '45.43119410', '10.98852130'),
(5705, 5, '45.43111440', '10.98850200'),
(5706, 5, '45.43092470', '10.98844260'),
(5707, 5, '45.43084620', '10.98838390'),
(5708, 5, '45.43077700', '10.98829860'),
(5709, 5, '45.43075380', '10.98825400'),
(5710, 5, '45.43074500', '10.98823700'),
(5711, 5, '45.43072850', '10.98820110'),
(5712, 5, '45.43072740', '10.98819880'),
(5713, 5, '45.43071060', '10.98816230'),
(5714, 5, '45.43066290', '10.98804140'),
(5715, 5, '45.43064670', '10.98800940'),
(5716, 5, '45.43062880', '10.98798240'),
(5717, 5, '45.43062260', '10.98796860'),
(5718, 5, '45.43061660', '10.98795140'),
(5719, 5, '45.43060650', '10.98791670'),
(5720, 5, '45.43059870', '10.98788510'),
(5721, 5, '45.43059010', '10.98785060'),
(5722, 5, '45.43057770', '10.98779640'),
(5723, 5, '45.43056210', '10.98773860'),
(5724, 5, '45.43053850', '10.98765120'),
(5725, 5, '45.43044590', '10.98769750'),
(5726, 5, '45.43035520', '10.98771970'),
(5727, 5, '45.43024100', '10.98772420'),
(5728, 5, '45.43020930', '10.98770770'),
(5729, 5, '45.43012710', '10.98766730'),
(5730, 5, '45.42965920', '10.98743160'),
(5731, 5, '45.42948340', '10.98734620'),
(5732, 5, '45.42905050', '10.98712190'),
(5733, 5, '45.42886140', '10.98701740'),
(5734, 5, '45.42865840', '10.98690830'),
(5735, 5, '45.42845180', '10.98679970'),
(5736, 5, '45.42804090', '10.98658930'),
(5737, 5, '45.42730250', '10.98621730'),
(5738, 5, '45.42722230', '10.98617690'),
(5739, 5, '45.42558260', '10.98535700'),
(5740, 5, '45.42521800', '10.98523490'),
(5741, 5, '45.42452530', '10.98489160'),
(5742, 5, '45.42381490', '10.98453450'),
(5743, 5, '45.42346880', '10.98432050'),
(5744, 5, '45.42341560', '10.98425450'),
(5745, 5, '45.42338020', '10.98428380'),
(5746, 5, '45.42334040', '10.98429710'),
(5747, 5, '45.42329960', '10.98429350'),
(5748, 5, '45.42326120', '10.98427320'),
(5749, 5, '45.42322320', '10.98422950'),
(5750, 5, '45.42319800', '10.98416980'),
(5751, 5, '45.42318880', '10.98410140'),
(5752, 5, '45.42319670', '10.98403270'),
(5753, 5, '45.42322070', '10.98397200'),
(5754, 5, '45.42310430', '10.98356300'),
(5755, 5, '45.42309720', '10.98353780'),
(5756, 5, '45.42304460', '10.98338490'),
(5757, 5, '45.42290540', '10.98298040'),
(5758, 5, '45.42284760', '10.98283450'),
(5759, 5, '45.42280170', '10.98271050'),
(5760, 5, '45.42268690', '10.98238780'),
(5761, 5, '45.42258600', '10.98212850'),
(5762, 5, '45.42255790', '10.98203490'),
(5763, 5, '45.42251730', '10.98189990'),
(5764, 5, '45.42251730', '10.98160810'),
(5765, 5, '45.42254390', '10.98084010'),
(5766, 5, '45.42260690', '10.97901740'),
(5767, 5, '45.42260910', '10.97895450'),
(5768, 5, '45.42242490', '10.97871330'),
(5769, 5, '45.42240240', '10.97868510'),
(5770, 5, '45.42194720', '10.97809550'),
(5771, 5, '45.42159380', '10.97760020'),
(5772, 5, '45.42151170', '10.97750670'),
(5773, 5, '45.42142430', '10.97741920'),
(5774, 5, '45.42132260', '10.97735800'),
(5775, 5, '45.42111890', '10.97716830'),
(5776, 5, '45.42106050', '10.97710230'),
(5777, 5, '45.42093600', '10.97696900'),
(5778, 5, '45.42084490', '10.97687570'),
(5779, 5, '45.42071730', '10.97674210'),
(5780, 5, '45.42031120', '10.97619360'),
(5781, 5, '45.42015880', '10.97595070'),
(5782, 5, '45.41974410', '10.97529930'),
(5783, 5, '45.41967360', '10.97519190'),
(5784, 5, '45.41953760', '10.97500510'),
(5785, 5, '45.41936220', '10.97478560'),
(5786, 5, '45.41907160', '10.97446410'),
(5787, 5, '45.41853460', '10.97374420'),
(5788, 5, '45.41838460', '10.97356570'),
(5789, 5, '45.41767240', '10.97245290'),
(5790, 5, '45.41753440', '10.97224240'),
(5791, 5, '45.41751220', '10.97220780'),
(5792, 5, '45.41748390', '10.97216200'),
(5793, 5, '45.41711700', '10.97159270'),
(5794, 5, '45.41689650', '10.97135330'),
(5795, 5, '45.41668330', '10.97112190'),
(5796, 5, '45.41656540', '10.97101460'),
(5797, 5, '45.41626430', '10.97073210'),
(5798, 5, '45.41592060', '10.97024680'),
(5799, 5, '45.41587990', '10.97017840'),
(5800, 5, '45.41582910', '10.97009310'),
(5801, 5, '45.41574810', '10.96993970'),
(5802, 5, '45.41582190', '10.96972950'),
(5803, 5, '45.41585750', '10.96964640'),
(5804, 5, '45.41593350', '10.96946880'),
(5805, 5, '45.41597420', '10.96936100'),
(5806, 5, '45.41625730', '10.96861150'),
(5807, 5, '45.41662300', '10.96773030'),
(5808, 5, '45.41687440', '10.96724180'),
(5809, 5, '45.41731400', '10.96654010'),
(5810, 5, '45.41746720', '10.96624430'),
(5811, 5, '45.41754720', '10.96608900'),
(5812, 5, '45.41754810', '10.96605190'),
(5813, 5, '45.41755690', '10.96601690'),
(5814, 5, '45.41757130', '10.96598920'),
(5815, 5, '45.41759060', '10.96596830'),
(5816, 5, '45.41761320', '10.96595590'),
(5817, 5, '45.41763730', '10.96595310'),
(5818, 5, '45.41766250', '10.96596080'),
(5819, 5, '45.41778110', '10.96581380'),
(5820, 5, '45.41790940', '10.96565500'),
(5821, 5, '45.41834210', '10.96499210'),
(5822, 5, '45.41836850', '10.96494880'),
(5823, 5, '45.41843260', '10.96485540'),
(5824, 5, '45.41852950', '10.96474550'),
(5825, 5, '45.41855360', '10.96471790'),
(5826, 5, '45.41871610', '10.96452990'),
(5827, 5, '45.41891620', '10.96430920'),
(5828, 5, '45.41903490', '10.96418120'),
(5829, 5, '45.41942090', '10.96375060'),
(5830, 5, '45.41976130', '10.96337390'),
(5831, 5, '45.41982130', '10.96330760'),
(5832, 5, '45.41988710', '10.96323480'),
(5833, 5, '45.42000580', '10.96308370'),
(5834, 5, '45.42003400', '10.96304770'),
(5835, 5, '45.42019480', '10.96284290'),
(5836, 5, '45.42036830', '10.96262430'),
(5837, 5, '45.42051420', '10.96244070'),
(5838, 5, '45.42069080', '10.96212430'),
(5839, 5, '45.42077880', '10.96197380'),
(5840, 5, '45.42084330', '10.96185230'),
(5841, 5, '45.42104780', '10.96155190'),
(5842, 5, '45.42124330', '10.96103220'),
(5843, 5, '45.42139490', '10.96068250'),
(5844, 5, '45.42143120', '10.96060850'),
(5845, 5, '45.42148070', '10.96047770'),
(5846, 5, '45.42159250', '10.96033080'),
(5847, 5, '45.42172410', '10.96019340'),
(5848, 5, '45.42192110', '10.96005660'),
(5849, 5, '45.42261130', '10.95935060'),
(5850, 5, '45.42280330', '10.95914310'),
(5851, 5, '45.42286610', '10.95906970'),
(5852, 5, '45.42301490', '10.95889530'),
(5853, 5, '45.42311390', '10.95874680'),
(5854, 5, '45.42313600', '10.95866230'),
(5855, 5, '45.42315940', '10.95857260'),
(5856, 5, '45.42320780', '10.95832160'),
(5857, 5, '45.42322480', '10.95811320'),
(5858, 5, '45.42323110', '10.95803550'),
(5859, 5, '45.42323510', '10.95795290'),
(5860, 5, '45.42321520', '10.95778710'),
(5861, 5, '45.42317570', '10.95765620'),
(5862, 5, '45.42309920', '10.95748570'),
(5863, 5, '45.42292520', '10.95709260'),
(5864, 5, '45.42288330', '10.95700500'),
(5865, 5, '45.42256560', '10.95650910'),
(5866, 5, '45.42231210', '10.95607120'),
(5867, 5, '45.42221650', '10.95590600'),
(5868, 5, '45.42198750', '10.95551710'),
(5869, 5, '45.42193290', '10.95542440'),
(5870, 5, '45.42155710', '10.95484320'),
(5871, 5, '45.42149460', '10.95474670'),
(5872, 5, '45.42142800', '10.95464360'),
(5873, 5, '45.42138090', '10.95469560'),
(5874, 5, '45.42134490', '10.95473530'),
(5875, 5, '45.42115230', '10.95494810'),
(5876, 5, '45.42042030', '10.95575670'),
(5877, 5, '45.42002720', '10.95621180'),
(5878, 5, '45.41958500', '10.95547470'),
(5879, 5, '45.41953450', '10.95539510'),
(5880, 5, '45.41947300', '10.95529630'),
(5881, 5, '45.41918560', '10.95485220'),
(5882, 5, '45.41888180', '10.95445010'),
(5883, 5, '45.41880960', '10.95435460'),
(5884, 5, '45.41876010', '10.95432440'),
(5885, 5, '45.41872520', '10.95430310'),
(5886, 5, '45.41864200', '10.95427560'),
(5887, 5, '45.41857780', '10.95424590'),
(5888, 5, '45.41851150', '10.95417680'),
(5889, 5, '45.41843490', '10.95406280'),
(5890, 5, '45.41808470', '10.95351570'),
(5891, 5, '45.41805630', '10.95347440'),
(5892, 5, '45.41751040', '10.95259640'),
(5893, 5, '45.43050580', '10.98755930'),
(5894, 5, '45.43052370', '10.98760730'),
(5895, 5, '45.43053850', '10.98765120'),
(5896, 5, '45.43055950', '10.98763640'),
(5897, 5, '45.43057800', '10.98761450'),
(5898, 5, '45.43059900', '10.98757990'),
(5899, 5, '45.43060300', '10.98757140'),
(5900, 5, '45.43060570', '10.98756310'),
(5901, 5, '45.43060670', '10.98755920'),
(5902, 5, '45.43060740', '10.98755460'),
(5903, 5, '45.43060800', '10.98755060'),
(5904, 5, '45.43060820', '10.98754620'),
(5905, 5, '45.43059480', '10.98746280'),
(5906, 5, '45.43055920', '10.98724350'),
(5907, 5, '45.43045470', '10.98671110'),
(5908, 5, '45.43041990', '10.98652730'),
(5909, 5, '45.43032570', '10.98621110'),
(5910, 5, '45.43020370', '10.98554870'),
(5911, 5, '45.43015680', '10.98533230'),
(5912, 5, '45.43011220', '10.98510630'),
(5913, 5, '45.43004890', '10.98480120'),
(5914, 5, '45.43004050', '10.98457320'),
(5915, 5, '45.43008010', '10.98441000'),
(5916, 5, '45.43011620', '10.98423540'),
(5917, 5, '45.43019440', '10.98405730'),
(5918, 5, '45.43023860', '10.98393550'),
(5919, 5, '45.43033380', '10.98370340'),
(5920, 5, '45.43062790', '10.98302420'),
(5921, 5, '45.43067890', '10.98291260'),
(5922, 5, '45.43070150', '10.98285930'),
(5923, 5, '45.43073910', '10.98276760'),
(5924, 5, '45.43087580', '10.98255180'),
(5925, 5, '45.43073120', '10.98243310'),
(5926, 5, '45.43058850', '10.98225260'),
(5927, 5, '45.43031440', '10.98236570'),
(5928, 5, '45.43018270', '10.98241800'),
(5929, 5, '45.42970600', '10.98260740'),
(5930, 5, '45.42966100', '10.98264060'),
(5931, 5, '45.42961750', '10.98267840'),
(5932, 5, '45.42959620', '10.98271470'),
(5933, 5, '45.42958020', '10.98274930'),
(5934, 5, '45.42957440', '10.98280060'),
(5935, 5, '45.42957250', '10.98287610'),
(5936, 5, '45.42962630', '10.98317790'),
(5937, 5, '45.42977670', '10.98399610'),
(5938, 5, '45.42984110', '10.98434100'),
(5939, 5, '45.42996450', '10.98488580'),
(5940, 5, '45.43000120', '10.98508450'),
(5941, 5, '45.43001540', '10.98517440'),
(5942, 5, '45.43002980', '10.98525070'),
(5943, 5, '45.43008740', '10.98555570'),
(5944, 5, '45.43018010', '10.98605280'),
(5945, 5, '45.43024790', '10.98641630'),
(5946, 5, '45.43027430', '10.98655240'),
(5947, 5, '45.43031950', '10.98678550'),
(5948, 5, '45.43037780', '10.98708640'),
(5949, 5, '45.43040840', '10.98724400'),
(5950, 5, '45.43041720', '10.98729210'),
(5951, 5, '45.43050580', '10.98755930');

-- --------------------------------------------------------

--
-- Struttura della tabella `bus_stops`
--

CREATE TABLE `bus_stops` (
  `id` int(11) NOT NULL,
  `name` varchar(255) NOT NULL,
  `latitude` decimal(10,8) NOT NULL,
  `longitude` decimal(11,8) NOT NULL,
  `qr_code_number` varchar(256) DEFAULT NULL
) ENGINE=InnoDB DEFAULT CHARSET=utf8mb4 COLLATE=utf8mb4_general_ci;

--
-- Dump dei dati per la tabella `bus_stops`
--

INSERT INTO `bus_stops` (`id`, `name`, `latitude`, `longitude`, `qr_code_number`) VALUES
(1, 'Piazza Chievo', '45.45742120', '10.94631000', NULL),
(2, 'Via Turbina (canale)', '45.46287260', '10.93376780', NULL),
(3, 'Bionde', '45.45873220', '10.93886510', NULL),
(4, 'Via Aeroporto Berardi / Alberghiero', '45.45961980', '10.94267760', NULL),
(5, 'Sorte', '45.46884140', '10.94293790', NULL),
(6, 'Via Galvani IV', '45.44919660', '10.96427580', NULL),
(7, 'Via Galvani / Via Taormina', '45.45149380', '10.96081630', NULL),
(8, 'Via Aeroporto Berardi / Provolo', '45.45670680', '10.95007780', NULL),
(9, 'Via Galvani II', '45.45273420', '10.95812900', NULL),
(10, 'Via Galvani II', '45.45297800', '10.95784920', NULL),
(11, 'Via Galvani I', '45.45406630', '10.95543220', NULL),
(12, 'Via Galvani I', '45.45429190', '10.95516210', NULL),
(13, 'Via Caprioli', '45.45447550', '10.94947550', NULL),
(14, 'Via Puglie', '45.45471000', '10.94593310', NULL),
(15, 'Via Aeroporto Berardi II', '45.45786990', '10.94743160', NULL),
(16, 'Via Aeroporto Berardi II', '45.45793130', '10.94746660', NULL),
(17, 'Via Aeroporto Berardi / Alberghiero', '45.45965970', '10.94302730', NULL),
(18, 'Via Galvani IV', '45.44966990', '10.96393640', NULL),
(19, 'Via Galvani / Via Taormina', '45.45179520', '10.96036620', NULL),
(20, 'Bussolengo autostazione', '45.47006360', '10.84591580', NULL),
(21, 'Stadio Bentegodi', '45.43478230', '10.97058170', NULL),
(22, 'Stadio Bentegodi', '45.43503030', '10.97097600', NULL),
(23, 'Viale Palladio / Via Brunelleschi', '45.43297460', '10.97164220', NULL),
(24, 'Viale Palladio / Via Brunelleschi', '45.43273700', '10.97222250', NULL),
(25, 'Viale Palladio III', '45.43088610', '10.97933650', NULL),
(26, 'Via Giberti', '45.43382230', '10.98592970', NULL),
(27, 'Via Valverde / Pradaval', '45.43518830', '10.98855640', NULL),
(28, 'Piazza Br Arena', '45.43780820', '10.99308990', NULL),
(29, 'Piazza Br Arena', '45.43836000', '10.99200500', NULL),
(30, 'Pradaval', '45.43519230', '10.98990000', NULL),
(31, 'Corso Porta Nuova / Camera di Commercio', '45.43230250', '10.98838360', NULL),
(32, 'Stradone Maffei', '45.43719680', '10.99578380', NULL),
(33, 'San Fermo', '45.43941570', '11.00049490', NULL),
(34, 'San Fermo', '45.43961950', '11.00039400', NULL),
(35, 'Stradone Maffei', '45.43736810', '10.99609340', NULL),
(36, 'Via XX Settembre / Universit', '45.43905050', '11.00436320', NULL),
(37, 'Via XX Settembre / Universit', '45.43914650', '11.00450230', NULL),
(38, 'Via XX Settembre II', '45.43957780', '11.00896210', NULL),
(39, 'Via XX Settembre II', '45.43964240', '11.00816610', NULL),
(40, 'Via XX Settembre Santa Toscana', '45.43990070', '11.01281390', NULL),
(41, 'Via XX Settembre Santa Toscana', '45.43989510', '11.01149670', NULL),
(42, 'Porta Vescovo', '45.43984150', '11.01550850', NULL),
(43, 'Porta Vescovo', '45.43999120', '11.01455150', NULL),
(44, 'Via Rosa Morando', '45.44057410', '11.01889720', NULL),
(45, 'Via Pisano IV', '45.44065670', '11.02009070', NULL),
(46, 'Viale Spolverini I', '45.43989610', '11.02152820', NULL),
(47, 'Via Pisano / Piazza Nogarola', '45.44043940', '11.02242460', NULL),
(48, 'Viale Spolverini II', '45.43946450', '11.02452680', NULL),
(49, 'Viale Spolverini III', '45.43963560', '11.02765350', NULL),
(50, 'Via Zeviani II', '45.43976140', '11.03063210', NULL),
(51, 'Via Pisano I', '45.44003850', '11.02745850', NULL),
(52, 'Via Pisano II', '45.44029520', '11.02449140', NULL),
(53, 'Via Zeviani', '45.43957840', '11.03115110', NULL),
(54, 'Via Zeviani / Via Del Capitel', '45.43947830', '11.03365650', NULL),
(55, 'Via Mondadori', '45.43923740', '11.03489300', NULL),
(56, 'Stazione Porta Nuova', '45.43000810', '10.98241860', NULL),
(57, 'Via Don Gentilin', '45.43619130', '11.05847680', NULL),
(58, 'Via Sgulmero Giardini', '45.43085550', '11.05972290', NULL),
(59, 'Via Sgulmero II', '45.43144560', '11.05703020', NULL),
(60, 'Via Fideli (Via Zenati)', '45.43288170', '11.05435160', NULL),
(61, 'Via Fedeli / Piazza Frugose', '45.43347180', '11.05179900', NULL),
(62, 'Via Fedeli / Centro Sportivo', '45.43399830', '11.04942100', NULL),
(63, 'Via Cernisone', '45.43555810', '11.04605710', NULL),
(64, 'Via Corsini / Via Monti Lessini', '45.43822210', '11.04258850', NULL),
(65, 'Via Corsini / Parco', '45.43898360', '11.03851280', NULL),
(66, 'Via Corsini / Parco', '45.43873750', '11.03971140', NULL),
(67, 'Via Corsini / Via Monti Lessini', '45.43814870', '11.04253440', NULL),
(68, 'Via Cernisone', '45.43475620', '11.04671660', NULL),
(69, 'Via Fedeli / Centro Sportivo', '45.43385260', '11.04958320', NULL),
(70, 'Via Fedeli / Piazza Frugose', '45.43315440', '11.05276010', NULL),
(71, 'Via Fideli (Via Zenati)', '45.43245440', '11.05575960', NULL),
(72, 'Via Sgulmero II', '45.43136960', '11.05701930', NULL),
(73, 'Via Rossi', '45.43137450', '11.05954570', NULL),
(74, 'San Vito Scuole', '45.47119030', '10.89341220', NULL),
(75, 'Via Turbina I', '45.46832520', '10.91072730', NULL),
(76, 'Via Turbina II', '45.46727570', '10.91546390', NULL),
(77, 'Via Turbina / Via Ferrarin', '45.46668740', '10.91806360', NULL),
(78, 'Via Turbina / Via Ferrarin', '45.46663170', '10.91802510', NULL),
(79, 'Via Turbina / Case Nuove', '45.46506210', '10.92495890', NULL),
(80, 'Via Turbina / Case Nuove', '45.46510950', '10.92505810', NULL),
(81, 'Via Turbina V', '45.46451630', '10.92742510', NULL),
(82, 'Via Turbina V', '45.46461370', '10.92725650', NULL),
(83, 'Via Turbina (canale)', '45.46317180', '10.93290440', NULL),
(84, 'Via Turbina VII', '45.46160100', '10.93721330', NULL),
(85, 'Via Barucchi 26', '45.46279630', '10.93926860', NULL),
(86, 'Via Barucchi Fronte 26', '45.46292720', '10.93915350', NULL),
(87, 'Via Galvani / Via Quarto Ponte', '45.44807740', '10.96559570', NULL),
(88, 'Via Galvani VII', '45.44491150', '10.96890270', NULL),
(89, 'Viale Manzoni / Via San Marco', '45.44100280', '10.96932960', NULL),
(90, 'Viale Manzoni / Via San Marco', '45.44101320', '10.96941470', NULL),
(91, 'Viale Manzoni / Corso Milano', '45.44303520', '10.96989790', NULL),
(92, 'Viale Manzoni / Corso Milano', '45.44303800', '10.97001680', NULL),
(93, 'Via Vitruvio', '45.44019300', '10.97141560', NULL),
(94, 'Via Negrelli', '45.43744790', '10.97144770', NULL),
(95, 'Via Sansovino', '45.43665120', '10.97295800', NULL),
(96, 'Via Longhena', '45.43981650', '10.97197420', NULL),
(97, 'Via Galvani / Viale Sicilia', '45.44624550', '10.96750810', NULL),
(98, 'Piazza Chievo', '45.45729540', '10.94617950', NULL),
(99, 'Via Galvani / Via Quarto Ponte', '45.44828720', '10.96524950', NULL),
(100, 'Via Galvani / Viale Sicilia', '45.44608170', '10.96753740', NULL),
(101, 'Via Galvani VII', '45.44459610', '10.96908050', NULL),
(102, 'Via Barucchi / Sorte', '45.46614340', '10.94023350', NULL),
(103, 'Via Barucchi', '45.46642010', '10.94030580', NULL),
(104, 'Via Turbina VII', '45.46141760', '10.93776770', NULL),
(105, 'Via Turbina II', '45.46735100', '10.91540720', NULL),
(106, 'Via Turbina I', '45.46838900', '10.91073650', NULL),
(107, 'Corno', '45.46912400', '10.90285220', NULL),
(108, 'San Vito al Mantico', '45.47328530', '10.88733680', NULL),
(109, 'San Vito Via Piemonte', '45.47230480', '10.88238980', NULL),
(110, 'San Vito Arera Sud', '45.47157700', '10.87002180', NULL),
(111, 'Bussolengo Cimitero', '45.47230850', '10.85562220', NULL),
(112, 'Bussolengo Via San Rocco', '45.46953130', '10.85481310', NULL),
(113, 'Bussolengo Via San Rocco', '45.46953030', '10.85487460', NULL),
(114, 'Bussolengo Cimitero', '45.47254640', '10.85580190', NULL),
(115, 'San Vito Arera Sud', '45.47150810', '10.87024490', NULL),
(116, 'San Vito Via Piemonte', '45.47235780', '10.88279730', NULL),
(117, 'San Vito al Mantico', '45.47313810', '10.88656250', NULL),
(118, 'San Vito Scuole', '45.47113570', '10.89326240', NULL),
(119, 'Corno', '45.46909370', '10.90286620', NULL),
(120, 'Viale Palladio / Via Albere', '45.43118800', '10.97393310', NULL),
(121, 'Viale Palladio / Via Albere', '45.43113210', '10.97465870', NULL),
(122, 'Viale Palladio III', '45.43073550', '10.97814420', NULL),
(123, 'Via Citt di Nimes', '45.43177720', '10.98344220', NULL),
(124, 'Stazione Porta Nuova', '45.43042830', '10.98360220', NULL),
(125, 'Via Urbano Terzo II', '45.43981530', '10.94097340', NULL),
(126, 'Via Urbano Terzo I', '45.44243490', '10.94043690', NULL),
(127, 'Via Sant\'Annone', '45.44506360', '10.94480590', NULL),
(128, 'Piazza Risorgimento', '45.43895290', '10.94759760', NULL),
(129, 'Via Anselmi', '45.43715800', '10.94241800', NULL),
(130, 'Via Sant\'Euprepio', '45.44293990', '10.94245310', NULL),
(131, 'Via Brigata Aosta III', '45.43823970', '10.94546710', NULL),
(132, 'Via Don Minzoni / Salesiani', '45.44280900', '10.95579730', NULL),
(133, 'Via Curiel / Salesiani', '45.44240990', '10.95693960', NULL),
(134, 'Via Curiel', '45.44102720', '10.96023820', NULL),
(135, 'Via San Marco / Don Calabria', '45.44059580', '10.96064370', NULL),
(136, 'Via San Marco III', '45.44084250', '10.96566200', NULL),
(137, 'Via Milone', '45.44377280', '10.94546820', NULL),
(138, 'Via Sant\'Euprepio', '45.44283490', '10.94246370', NULL),
(139, 'Via Urbano Terzo I', '45.44245190', '10.94059310', NULL),
(140, 'Via Urbano Terzo II', '45.43974620', '10.94117970', NULL),
(141, 'Via Romagnoli', '45.43905690', '10.94214830', NULL),
(142, 'Piazza Risorgimento', '45.43916980', '10.94688270', NULL),
(143, 'Via Lugagnano / Contrada Speziale', '45.43885890', '10.93799770', NULL),
(144, 'Via Ferrari', '45.43687220', '10.93290480', NULL),
(145, 'Via Cason', '45.43321740', '10.93333170', NULL),
(146, 'Via Cason II', '45.43236820', '10.93092080', NULL),
(147, 'Via Cason I', '45.43034420', '10.92489690', NULL),
(148, 'Cason - Capolinea', '45.42817490', '10.91834500', NULL),
(149, 'Via Cason I', '45.43046900', '10.92556970', NULL),
(150, 'Via Cason II', '45.43203820', '10.93016540', NULL),
(151, 'Via Brigata Aosta I', '45.43438880', '10.93674140', NULL),
(152, 'Via Brigata Aosta II', '45.43570600', '10.94056510', NULL),
(153, 'Via Curiel', '45.44113910', '10.96027700', NULL),
(154, 'Via San Marco / Don Calabria', '45.44065190', '10.96025420', NULL),
(155, 'Via San Marco III', '45.44092110', '10.96482410', NULL),
(156, 'Via Sogare / Circoscrizione', '45.43747170', '10.96786450', NULL),
(157, 'Via Sogare / Circoscrizione', '45.43761110', '10.96763680', NULL),
(192, 'Via Del Capitel', '45.44042120', '11.03358410', NULL),
(193, 'Via Del Capitel', '45.44115000', '11.03268630', NULL),
(194, 'Via Dalla Corte / Chiesa', '45.44369720', '11.03023300', NULL),
(195, 'Via Dalla Corte / Chiesa', '45.44363900', '11.03010090', NULL),
(196, 'Via Dalla Corte / Via Montorio', '45.44583190', '11.02779610', NULL),
(197, 'Via Dalla Corte / Via Montorio', '45.44594520', '11.02791440', NULL),
(198, 'Via Montorio II', '45.44696750', '11.03049930', NULL),
(199, 'Via Montorio II', '45.44693350', '11.02957600', NULL),
(200, 'Via Montorio / Gavagnin', '45.44774210', '11.03534850', NULL),
(201, 'Via Montorio / Gavagnin', '45.44761530', '11.03424760', NULL),
(202, 'Via Da Legnago III', '45.44878400', '11.03979740', NULL),
(203, 'Via Da Legnago III', '45.44889500', '11.03969730', NULL),
(204, 'Via Da Legnago / Ponte Florio', '45.45210080', '11.05016630', NULL),
(205, 'Via Da Legnago / Ponte Florio', '45.45139760', '11.04846310', NULL),
(206, 'Via Da Legnago I', '45.45359400', '11.05703660', NULL),
(207, 'Via Da Legnago I', '45.45365200', '11.05699780', NULL),
(208, 'Via Olmo', '45.45632030', '11.06095670', NULL),
(209, 'Via Olmo', '45.45636350', '11.06091620', NULL),
(210, 'Piazzale Buccari', '45.45742070', '11.06290450', NULL),
(211, 'Piazzale Buccari', '45.45735370', '11.06266480', NULL),
(212, 'Piazza Penne Nere', '45.45931930', '11.06443320', NULL),
(213, 'Via Olmo / Chiesa', '45.45871320', '11.06418780', NULL),
(214, 'Via Oliv I', '45.46092700', '11.06520280', NULL),
(215, 'Via Oliv', '45.46098260', '11.06514420', NULL),
(216, 'Via Oliv II', '45.46255320', '11.06728350', NULL),
(217, 'Via Oliv III', '45.46485900', '11.06736120', NULL),
(218, 'Via Dei Cipressi', '45.46550170', '11.06543110', NULL),
(219, 'Via Laghetto Squar', '45.46384410', '11.06396440', NULL),
(220, 'Montorio Zai II', '45.46611500', '11.06301460', NULL),
(221, 'Montorio Zai I', '45.46810030', '11.06307850', NULL),
(222, 'Via Dei Cipressi', '45.46537120', '11.06359480', NULL),
(223, 'Montorio Zai II', '45.46569490', '11.06290620', NULL),
(224, 'Montorio Zai I', '45.46810760', '11.06297030', NULL),
(225, 'Via Sant\'Eurosia', '45.47553510', '11.05907230', NULL),
(226, 'Via Sant\'Eurosia', '45.47563670', '11.05896010', NULL),
(227, 'Mizzole Piazza', '45.47780690', '11.05964830', NULL),
(228, 'Mizzole Piazza', '45.47806290', '11.05962840', NULL),
(229, 'Via Salazzari / Mizzole - Capolinea', '45.47949690', '11.06041940', NULL),
(230, 'Via Nicolini / Via Salazzari', '45.48167160', '11.06071620', NULL),
(231, 'Via Villa Poggiani II', '45.48210560', '11.06029710', NULL),
(232, 'Via Villa Poggiani', '45.48589400', '11.06114210', NULL),
(233, 'Via Villa Poggiani II', '45.48595020', '11.06082280', NULL),
(234, 'Via Squaranto - Capolinea', '45.49482700', '11.05931600', NULL),
(241, 'Via San Marco / Palestra', '45.43924330', '10.95327120', NULL),
(242, 'Via San Marco / Palestra', '45.43920970', '10.95350300', NULL),
(243, 'Porta Vescovo', '45.43929940', '11.01554880', NULL),
(244, 'Via San Michele / Ponte Florio', '45.44903920', '11.04729340', NULL),
(245, 'Caserma Duca / Casa Circondariale', '45.44355970', '11.04512250', NULL),
(246, 'Caserma Duca / Casa Circondariale', '45.44369640', '11.04509330', NULL),
(247, 'Via San Michele / Ponte Florio', '45.44929890', '11.04730410', NULL),
(248, 'Via Bresciani', '45.46354720', '10.97611480', NULL),
(249, 'Piazza Vittorio Veneto', '45.44893580', '10.98731090', NULL),
(250, 'Piazza Vittorio Veneto', '45.44819820', '10.98729420', NULL),
(251, 'Via IV Novembre / Cadorna', '45.44385300', '10.99014840', NULL),
(252, 'Via IV Novembre / Cadorna', '45.44409200', '10.98986950', NULL),
(253, 'Via Fabbricato Scolastico I', '45.46690010', '10.97487590', NULL),
(254, 'Via Nuova', '45.46985340', '10.97464250', NULL),
(255, 'Via Nuova', '45.46986470', '10.97476590', NULL),
(256, 'Via Tommaseo Chiesa', '45.46033670', '10.97771360', NULL),
(257, 'Via Fabbricato Scolastico II', '45.46513940', '10.97523260', NULL),
(258, 'Piazza Righetti', '45.47172970', '10.97472560', NULL),
(259, 'Via Fabbricato Scolastico I', '45.46691910', '10.97449770', NULL),
(260, 'Via Fabbricato Scolastico II', '45.46466250', '10.97499330', NULL),
(261, 'Via Bresciani', '45.46347550', '10.97604210', NULL),
(262, 'Via Mercantini (scuola Battisti)', '45.46225260', '10.97852310', NULL),
(263, 'Via Mercantini (scuola Battisti)', '45.46219370', '10.97866820', NULL),
(264, 'Via Sacchi', '45.45968950', '10.98290880', NULL),
(265, 'Via Tommaseo / Via Locchi', '45.45949000', '10.98098330', NULL),
(266, 'Via Sacchi', '45.45969790', '10.98280890', NULL),
(267, 'Via Tommaseo / Via Locchi', '45.45939610', '10.98116810', NULL),
(268, 'Via Santini', '45.45931510', '10.98463350', NULL),
(269, 'Via Tommaseo Chiesa', '45.45991910', '10.97885630', NULL),
(270, 'Via Santini', '45.45938750', '10.98472940', NULL),
(271, 'Via Monte Ortigara 8', '45.45590970', '10.98599470', NULL),
(272, 'Via Monte Ortigara 5', '45.45488920', '10.98489130', NULL),
(273, 'Via IV Novembre', '45.44690200', '10.98852010', NULL),
(274, 'Via IV Novembre', '45.44620320', '10.98874540', NULL),
(275, 'Via Roveggia / Via Po', '45.41638060', '10.97092700', NULL),
(276, 'Stradone Santa Lucia / Zona Fiera', '45.42260990', '10.98230530', NULL),
(277, 'Quadrante Europa', '45.41652520', '10.92545370', NULL),
(278, 'Caselle Via Roma', '45.41565380', '10.89703320', NULL),
(279, 'Viale Piave', '45.42701510', '10.98567640', NULL),
(280, 'Stazione Porta Nuova', '45.43002690', '10.98257410', NULL),
(281, 'Piazza dei Caduti', '45.42032730', '10.95592840', NULL),
(282, 'Via Roveggia VI', '45.42142560', '10.97750600', NULL),
(283, 'Stradone Santa Lucia / Via Roveggia', '45.42254180', '10.97954450', NULL),
(284, 'Stradone Santa Lucia / Zona Fiera', '45.42272070', '10.98221630', NULL),
(285, 'Piazzale Porta Nuova', '45.42984580', '10.98648680', NULL),
(286, 'Via Don Girardi', '45.42088450', '10.95520660', NULL),
(287, 'Via Don Mercante', '45.41943330', '10.95686540', NULL),
(288, 'Via Tevere / Via Velino', '45.41829580', '10.95887350', NULL),
(289, 'Via Tevere / Via Velino', '45.41786970', '10.95982620', NULL),
(290, 'Via Tevere Circoscrizione', '45.41700950', '10.96124520', NULL),
(291, 'Via Tevere Circoscrizione', '45.41701100', '10.96138900', NULL),
(292, 'Via Tevere III', '45.41602250', '10.96239890', NULL),
(293, 'Via Tevere III', '45.41523020', '10.96315590', NULL),
(294, 'Via Tevere IV', '45.41338050', '10.96483150', NULL),
(295, 'Via Tevere IV', '45.41294280', '10.96514200', NULL),
(296, 'Ospedale Maggiore', '45.45131600', '10.98600680', NULL),
(297, 'Ospedale Maggiore', '45.45166980', '10.98569860', NULL),
(298, 'Via Diaz / Porta Borsari', '45.44231490', '10.99253990', NULL),
(299, 'Via Diaz / Porta Borsari', '45.44212450', '10.99307650', NULL),
(300, 'Corso Cavour', '45.44065330', '10.99094490', NULL),
(301, 'Corso Cavour', '45.44073260', '10.99086440', NULL),
(302, 'Castelvecchio', '45.43983080', '10.98888230', NULL),
(304, 'Via Citt di Nimes', '45.43210580', '10.98352230', NULL),
(305, 'Piazza Renato Simoni', '45.43398380', '10.98475650', NULL),
(306, 'Via Della Casa', '45.43463840', '10.98454580', NULL),
(307, 'Via Scalzi', '45.43677100', '10.98457020', NULL),
(308, 'Via Scalzi', '45.43665960', '10.98431330', NULL),
(309, 'Castelvecchio', '45.43973600', '10.98899370', NULL),
(310, 'Via Monte Ortigara / Casa di Cura', '45.45706070', '10.98682430', NULL),
(311, 'Via Mameli / Via Nervesa', '45.45380810', '10.98501390', NULL),
(312, 'Via Mameli / Via Nervesa', '45.45323520', '10.98619660', NULL),
(313, 'Via Roveggia VI', '45.42181220', '10.97785230', NULL),
(314, 'Stazione Porta Nuova', '45.43054550', '10.98356790', NULL),
(315, 'Caselle Via Roma', '45.41553900', '10.89703470', NULL),
(316, 'Caselle', '45.41424790', '10.90578340', NULL),
(317, 'Caselle', '45.41425490', '10.90586180', NULL),
(318, 'Via Sei Maggio', '45.42226870', '10.95361520', NULL),
(319, 'Via Sommacampagna IV', '45.42107700', '10.94341140', NULL),
(320, 'Via Sommacampagna II', '45.41994460', '10.93593880', NULL),
(321, 'Via Sommacampagna I', '45.41916610', '10.93234600', NULL),
(322, 'Via Sommacampagna / Spedizionieri', '45.41831700', '10.93062400', NULL),
(323, 'Corte Ferrara', '45.41613210', '10.91812760', NULL),
(324, 'Quadrante Europa', '45.41675720', '10.92616350', NULL),
(325, 'Via Sommacampagna I', '45.41871940', '10.93037990', NULL),
(326, 'Via Sommacampagna II', '45.42004630', '10.93612790', NULL),
(327, 'Via Sommacampagna III', '45.42065430', '10.94050120', NULL),
(328, 'Via Sommacampagna IV', '45.42118520', '10.94367560', NULL),
(329, 'Via Monte Cimone 3', '45.45802920', '10.98570590', NULL),
(330, 'Via Roveggia V', '45.41998790', '10.97574280', NULL),
(331, 'Via Roveggia IV', '45.41806940', '10.97314240', NULL),
(332, 'Via Roveggia II', '45.41432180', '10.96782760', NULL),
(333, 'Via Sant\'Elisabetta - Capolinea', '45.42204750', '10.95252160', NULL),
(334, 'Via Sant\'Elisabetta', '45.42093580', '10.95318540', NULL),
(335, 'Via Roveggia II', '45.41437260', '10.96773240', NULL),
(336, 'Via Roveggia / Via Po', '45.41634480', '10.97067340', NULL),
(337, 'Via Roveggia IV', '45.41812730', '10.97305050', NULL),
(338, 'Via Roveggia V', '45.41989230', '10.97538810', NULL),
(339, 'Via Monte Cimone 4', '45.45796050', '10.98571190', NULL),
(340, 'Via Fincato VII', '45.44253350', '11.01707420', NULL),
(341, 'Via Fincato / Via Montorio', '45.44489030', '11.01959860', NULL),
(342, 'Via Fincato / Convento', '45.44827740', '11.02000360', NULL),
(343, 'Via Fincato IV', '45.45046860', '11.01999150', NULL),
(344, 'Via Fincato / Supermercato', '45.45815820', '11.01867760', NULL),
(345, 'Via Poiano 12', '45.46883400', '11.01691000', NULL),
(346, 'Via Poiano centro', '45.47203730', '11.01558630', NULL),
(347, 'Via Poiano 66', '45.47499500', '11.01740490', NULL),
(348, 'Via Valpantena Clocego', '45.48001930', '11.01957020', NULL),
(349, 'Via Valpantena Veronesi', '45.48510440', '11.01924830', NULL),
(350, 'Via Valpantena / Quinto', '45.49025670', '11.01950050', NULL),
(351, 'Quinto Circoscrizione', '45.49350660', '11.01895610', NULL),
(352, 'Quinto Lumialto', '45.49769090', '11.01841420', NULL),
(353, 'Fusina', '45.51343980', '11.01626690', NULL),
(354, 'Marzana Nogarotto', '45.50461650', '11.01710920', NULL),
(355, 'Marzana Ospedale', '45.50021040', '11.01735560', NULL),
(356, 'Marzana Ospedale', '45.50044580', '11.01708140', NULL),
(357, 'Via Fincato VII', '45.44243010', '11.01706880', NULL),
(358, 'Via Fincato III', '45.45311280', '11.01966810', NULL),
(359, 'Via Scuderlando / Santa Teresa', '45.41674530', '10.98571690', NULL),
(360, 'Via Santa Teresa', '45.41955190', '10.98537810', NULL),
(361, 'Vigasio', '45.31756500', '10.94377120', NULL),
(362, 'Pre\'', '45.54169150', '11.00335410', NULL),
(363, 'Pre\'', '45.54169370', '11.00325560', NULL),
(364, 'Via Fincato IV', '45.45048160', '11.01988660', NULL),
(365, 'Via Fincato / Convento', '45.44841970', '11.01989520', NULL),
(384, 'Via Scuderlando / Santa Teresa', '45.41670560', '10.98581850', NULL),
(385, 'Via Scuderlando', '45.41469620', '10.98593720', NULL),
(386, 'Via Scuderlando IV', '45.41297000', '10.98555680', NULL),
(387, 'Via Vigasio I', '45.37740710', '10.96769040', NULL),
(388, 'Via Vigasio II', '45.38277020', '10.97090560', NULL),
(389, 'Via Vigasio II', '45.38279790', '10.97075790', NULL),
(390, 'Via Vigasio / Ca\' Brusa\'', '45.38565260', '10.97261600', NULL),
(391, 'Sacra Famiglia', '45.38908880', '10.97433600', NULL),
(392, 'Via Vigasio IV', '45.39229200', '10.97658360', NULL),
(393, 'Via Vigasio / Genovesa', '45.39454930', '10.97781420', NULL),
(394, 'Via dell\'Esperanto / Glaxo', '45.39941960', '10.98088610', NULL),
(395, 'Via dell\'Esperanto / Glaxo', '45.39930560', '10.98067420', NULL),
(396, 'Via Scuderlando III', '45.40829820', '10.98507040', NULL),
(398, 'Via Scuderlando II', '45.40587950', '10.98474150', NULL),
(399, 'Via Scuderlando II', '45.40590230', '10.98462760', NULL),
(400, 'Via Scuderlando I', '45.40422680', '10.98375760', NULL),
(401, 'Via Dell\'Esperanto I', '45.40318210', '10.98303400', NULL),
(402, 'Viale dell\'Agricoltura / Fiera', '45.41806250', '10.98289060', NULL),
(403, 'La Rizza', '45.37136420', '10.94488650', NULL),
(404, 'La Rizza I', '45.37051790', '10.94193960', NULL),
(405, 'La Rizza I', '45.37050170', '10.94203820', NULL),
(406, 'Via Fincato / Sasso', '45.46583650', '11.01860520', NULL),
(407, 'Via Poiano fronte 70', '45.47564200', '11.01752820', NULL),
(408, 'Via Poiano centro', '45.47199590', '11.01546160', NULL),
(409, 'Via Poiano 11', '45.46891490', '11.01628910', NULL),
(410, 'Via Fincato / Sasso', '45.46587600', '11.01833290', NULL),
(411, 'Via Fincato / Supermercato', '45.45769010', '11.01859970', NULL),
(412, 'Via Fincato III', '45.45310490', '11.01957340', NULL),
(413, 'Via Fincato / Via Montorio', '45.44517930', '11.01968870', NULL),
(414, 'Quinto Lumialto', '45.49764390', '11.01836050', NULL),
(415, 'Quinto Circoscrizione', '45.49246980', '11.01916520', NULL),
(416, 'Via Valpantena / Quinto', '45.49023970', '11.01936900', NULL),
(417, 'Via Valpantena Veronesi', '45.48482400', '11.01924310', NULL),
(418, 'Via Valpantena Clocego', '45.48039790', '11.01928690', NULL),
(419, 'Pradaval', '45.43605080', '10.99066280', NULL),
(420, 'Corso Porta Nuova / Camera del Commercio', '45.43219580', '10.98871000', NULL),
(421, 'Via Vigasio / Genovesa', '45.39436430', '10.97783220', NULL),
(422, 'Sacra Famiglia', '45.38863960', '10.97417370', NULL),
(423, 'Via Vigasio I', '45.37703760', '10.96732470', NULL),
(424, 'Via Vigasio / Ca\' Brusa\'', '45.38456780', '10.97184690', NULL),
(425, 'Via Vigasio IV', '45.39246780', '10.97659040', NULL),
(426, 'Azzano Via Cavour II', '45.36044960', '10.93517710', NULL),
(427, 'Azzano Via Cavour I', '45.36334430', '10.93688830', NULL),
(428, 'Azzano Via Cavour I', '45.36302960', '10.93675820', NULL),
(429, 'Azzano Via Cavour II', '45.36109220', '10.93553650', NULL),
(430, 'Forette', '45.35036870', '10.94063070', NULL),
(431, 'San Martino', '45.34715940', '10.94370780', NULL),
(432, 'Forette Via Solferino I', '45.34508440', '10.94269730', NULL),
(433, 'Forette Via Solferino II', '45.34142750', '10.94561080', NULL),
(434, 'Forette Via Solferino III', '45.33300920', '10.94909500', NULL),
(435, 'Vigasio Via Verona II', '45.32922850', '10.94960870', NULL),
(436, 'San Vigo', '45.32605340', '10.94812140', NULL),
(437, 'Vigasio', '45.31766250', '10.94354290', NULL),
(438, 'San Vigo', '45.32581630', '10.94797790', NULL),
(439, 'Vigasio Via Verona II', '45.32910590', '10.94941290', NULL),
(440, 'Forette Via Solferino III', '45.33287620', '10.94902260', NULL),
(441, 'Forette Via Solferino II', '45.34152280', '10.94536540', NULL),
(442, 'Forette Via Solferino I', '45.34478040', '10.94261080', NULL),
(443, 'San Martino', '45.34852040', '10.94505700', NULL),
(444, 'Forette', '45.35011990', '10.94058710', NULL),
(445, 'Tessare', '45.53991010', '11.00355600', NULL),
(446, 'Cologne', '45.53556980', '11.00400660', NULL),
(447, 'Via Tavigliana', '45.52949340', '11.00986990', NULL),
(448, 'Grezzana Zai', '45.52618160', '11.01459060', NULL),
(449, 'Grezzana Campo Sportivo', '45.52140750', '11.01749540', NULL),
(450, 'Grezzana Via Roma', '45.51790730', '11.01640240', NULL),
(451, 'Cuzzano', '45.50810730', '11.01698110', NULL),
(452, 'Via Centro III', '45.41162080', '10.98802860', NULL),
(453, 'Via Centro II', '45.40983330', '10.98700200', NULL),
(454, 'Via Centro I', '45.40761230', '10.98573440', NULL),
(455, 'Beccacivetta III', '45.37363200', '10.96548270', NULL),
(456, 'Beccacivetta I', '45.36519490', '10.95993920', NULL),
(457, 'Beccacivetta II', '45.36977920', '10.96349850', NULL),
(458, 'Beccacivetta Ghiaia', '45.36372590', '10.95861020', NULL),
(459, 'Beccacivetta Chiesa', '45.35843440', '10.95688550', NULL),
(460, 'Beccacivetta Piazza', '45.35612890', '10.95694720', NULL),
(461, 'Via Marconi IV', '45.35629940', '10.95280590', NULL),
(462, 'Via Marconi III', '45.35671600', '10.94697070', NULL),
(463, 'Via Marconi II', '45.35699820', '10.94332290', NULL),
(464, 'Via Marconi I', '45.35759760', '10.93612320', NULL),
(465, 'Via Marconi I', '45.35770500', '10.93605620', NULL),
(466, 'Via Marconi II', '45.35718150', '10.94253970', NULL),
(467, 'Via Marconi III', '45.35693460', '10.94568330', NULL),
(468, 'Via Marconi IV', '45.35644460', '10.95199320', NULL),
(469, 'Beccacivetta Piazza', '45.35620900', '10.95669910', NULL),
(470, 'Beccacivetta Chiesa', '45.35847400', '10.95675480', NULL),
(471, 'Beccacivetta Ghiaia', '45.36378670', '10.95850760', NULL),
(472, 'Beccacivetta I', '45.36655270', '10.96088200', NULL),
(473, 'Beccacivetta II', '45.36955590', '10.96323030', NULL),
(474, 'Beccacivetta III', '45.37413700', '10.96553160', NULL),
(475, 'Marzana Nogarotto', '45.50479090', '11.01699520', NULL),
(476, 'Cuzzano', '45.50774830', '11.01691940', NULL),
(477, 'Fusina', '45.51319170', '11.01613420', NULL),
(478, 'Grezzana Via Roma', '45.51769680', '11.01627100', NULL),
(479, 'Grezzana Campo Sportivo', '45.52121580', '11.01744040', NULL),
(480, 'Grezzana Zai', '45.52596930', '11.01454560', NULL),
(481, 'Via Tavigliana', '45.52942770', '11.01003210', NULL),
(482, 'Cologne', '45.53546080', '11.00390060', NULL),
(483, 'Tessare', '45.53939300', '11.00349960', NULL),
(484, 'Stallavena Chiesuola', '45.54574260', '11.00282370', NULL),
(485, 'Stallavena Chiesuola', '45.54617080', '11.00392070', NULL),
(488, 'Interrato Acqua Morta / Ponte Navi', '45.44000830', '11.00259840', NULL),
(490, 'Santo Stefano / Ponte Pietra', '45.44877560', '10.99925660', NULL),
(497, 'Via Montanari / Universit', '45.43478730', '10.99264890', NULL),
(498, 'Piazza Cittadella', '45.43588330', '10.99337550', NULL),
(499, 'Via Raggio di Sole', '45.43143650', '10.98934260', NULL),
(500, 'Via del Minatore', '45.43244880', '10.99108600', NULL),
(501, 'Via Marsala / Viale dei Colli', '45.45637240', '11.00153920', NULL),
(502, 'Largo Castiglioni', '45.45932120', '11.00181460', NULL),
(503, 'Via Marsala 33', '45.45402240', '11.00121540', NULL),
(504, 'Via Marsala / Via Valdonega', '45.45172910', '11.00092160', NULL),
(505, 'Via Nievo / Parco Giochi', '45.45104510', '10.99806060', NULL),
(506, 'Via Montanari / Universit', '45.43481490', '10.99258260', NULL),
(507, 'Via Cormons', '45.41879480', '10.95215090', NULL),
(508, 'Via Valeggio - Capolinea', '45.41769280', '10.95297790', NULL),
(509, 'Via Valeggio', '45.41893760', '10.95457730', NULL),
(510, 'Via Mantovana / Via Albere', '45.42308030', '10.95754560', NULL),
(512, 'Stradone Santa Lucia I', '45.42197530', '10.95991880', NULL),
(513, 'Via Po I', '45.41959690', '10.96363290', NULL),
(514, 'Via Po I', '45.41957420', '10.96353350', NULL),
(518, 'Piazza Isolo', '45.44272340', '11.00420050', NULL),
(519, 'Santo Stefano / Ponte Pietra', '45.44854010', '11.00009660', NULL),
(520, 'Via Marsala 38', '45.45402310', '11.00127400', NULL),
(521, 'Via Nievo / Parco Giochi', '45.45097830', '10.99815420', NULL),
(522, 'Via Marsala / Via Valdonega', '45.45147910', '11.00097200', NULL),
(523, 'Via Marsala / Via dei Colli', '45.45637120', '11.00158200', NULL),
(525, 'Piazza Isolo', '45.44432540', '11.00395670', NULL),
(526, 'Via Po II', '45.41798580', '10.96547860', NULL),
(527, 'Via Po II', '45.41808580', '10.96546220', NULL),
(528, 'Via Mantovana / Via Ghetto', '45.42213740', '10.95584100', NULL),
(529, 'Via Mantovana / Brigate', '45.42281590', '10.95684270', NULL),
(530, 'Via Mantovana / Biblioteca', '45.42187640', '10.95524250', NULL),
(532, 'Via del Minatore', '45.43247690', '10.99100210', NULL),
(533, 'Piazza Cittadella', '45.43666310', '10.99357240', NULL),
(534, 'Via Dalla Chiesa', '45.42318640', '10.96064040', NULL),
(535, 'Stradone Santa Lucia II', '45.42190580', '10.96443080', NULL),
(536, 'Via Mantovana / Santa Elisabetta', '45.42041080', '10.95284620', NULL),
(542, 'Piazzale Porta Nuova', '45.43113630', '10.98737550', NULL),
(543, 'Interrato Acqua Morta / Ponte Navi', '45.44052580', '11.00280760', NULL);

-- --------------------------------------------------------

--
-- Struttura della tabella `stops_bus_numbers`
--

CREATE TABLE `stops_bus_numbers` (
  `id` int(11) NOT NULL,
  `stop_id` int(11) NOT NULL,
  `bus_number_id` int(11) NOT NULL
) ENGINE=InnoDB DEFAULT CHARSET=utf8mb4 COLLATE=utf8mb4_general_ci;

--
-- Dump dei dati per la tabella `stops_bus_numbers`
--

INSERT INTO `stops_bus_numbers` (`id`, `stop_id`, `bus_number_id`) VALUES
(1, 1, 1),
(2, 1, 1),
(3, 2, 1),
(4, 3, 1),
(5, 3, 1),
(6, 4, 1),
(7, 4, 1),
(8, 4, 1),
(9, 5, 1),
(10, 5, 1),
(11, 6, 1),
(12, 6, 1),
(13, 6, 1),
(14, 6, 1),
(15, 7, 1),
(16, 7, 1),
(17, 7, 1),
(18, 7, 1),
(19, 8, 1),
(20, 8, 1),
(21, 8, 1),
(22, 8, 1),
(23, 9, 1),
(24, 9, 1),
(25, 9, 1),
(26, 9, 1),
(27, 10, 1),
(28, 10, 1),
(29, 10, 1),
(30, 10, 1),
(31, 11, 1),
(32, 11, 1),
(33, 11, 1),
(34, 11, 1),
(35, 12, 1),
(36, 12, 1),
(37, 12, 1),
(38, 12, 1),
(39, 13, 1),
(40, 14, 1),
(41, 15, 1),
(42, 15, 1),
(43, 15, 1),
(44, 15, 1),
(45, 16, 1),
(46, 16, 1),
(47, 16, 1),
(48, 16, 1),
(49, 17, 1),
(50, 17, 1),
(51, 17, 1),
(52, 18, 1),
(53, 18, 1),
(54, 18, 1),
(55, 18, 1),
(56, 19, 1),
(57, 19, 1),
(58, 19, 1),
(59, 19, 1),
(60, 20, 1),
(61, 20, 1),
(62, 21, 1),
(63, 21, 1),
(64, 21, 1),
(65, 21, 1),
(66, 22, 1),
(67, 22, 1),
(68, 22, 1),
(69, 22, 1),
(70, 23, 1),
(71, 23, 1),
(72, 23, 1),
(73, 23, 1),
(74, 24, 1),
(75, 24, 1),
(76, 24, 1),
(77, 24, 1),
(78, 25, 1),
(79, 25, 1),
(80, 25, 1),
(81, 25, 1),
(82, 26, 1),
(83, 26, 1),
(84, 26, 1),
(85, 26, 1),
(86, 27, 1),
(87, 27, 1),
(88, 27, 1),
(89, 27, 1),
(90, 28, 1),
(91, 28, 1),
(92, 28, 1),
(93, 28, 1),
(94, 29, 1),
(95, 29, 1),
(96, 29, 1),
(97, 29, 1),
(98, 30, 1),
(99, 30, 1),
(100, 30, 1),
(101, 30, 1),
(102, 31, 1),
(103, 31, 1),
(104, 31, 1),
(105, 31, 1),
(106, 32, 1),
(107, 32, 1),
(108, 32, 1),
(109, 32, 1),
(110, 33, 1),
(111, 33, 1),
(112, 33, 1),
(113, 33, 1),
(114, 34, 1),
(115, 34, 1),
(116, 34, 1),
(117, 34, 1),
(118, 35, 1),
(119, 35, 1),
(120, 35, 1),
(121, 35, 1),
(122, 36, 1),
(123, 36, 1),
(124, 36, 1),
(125, 36, 1),
(126, 37, 1),
(127, 37, 1),
(128, 37, 1),
(129, 37, 1),
(130, 38, 1),
(131, 38, 1),
(132, 38, 1),
(133, 38, 1),
(134, 39, 1),
(135, 39, 1),
(136, 39, 1),
(137, 39, 1),
(138, 40, 1),
(139, 40, 1),
(140, 40, 1),
(141, 40, 1),
(142, 41, 1),
(143, 41, 1),
(144, 41, 1),
(145, 41, 1),
(146, 42, 1),
(147, 42, 1),
(148, 42, 1),
(149, 42, 1),
(150, 43, 1),
(151, 43, 1),
(152, 43, 1),
(153, 43, 1),
(154, 44, 1),
(155, 44, 1),
(156, 44, 1),
(157, 44, 1),
(158, 45, 1),
(159, 45, 1),
(160, 45, 1),
(161, 45, 1),
(162, 46, 1),
(163, 46, 1),
(164, 46, 1),
(165, 46, 1),
(166, 47, 1),
(167, 47, 1),
(168, 47, 1),
(169, 47, 1),
(170, 48, 1),
(171, 48, 1),
(172, 48, 1),
(173, 48, 1),
(174, 49, 1),
(175, 49, 1),
(176, 49, 1),
(177, 49, 1),
(178, 50, 1),
(179, 50, 1),
(180, 50, 1),
(181, 50, 1),
(182, 51, 1),
(183, 51, 1),
(184, 51, 1),
(185, 51, 1),
(186, 52, 1),
(187, 52, 1),
(188, 52, 1),
(189, 52, 1),
(190, 53, 1),
(191, 53, 1),
(192, 53, 1),
(193, 53, 1),
(194, 54, 1),
(195, 54, 1),
(196, 54, 1),
(197, 54, 1),
(198, 55, 1),
(199, 55, 1),
(200, 55, 1),
(201, 55, 1),
(202, 56, 1),
(203, 56, 1),
(204, 56, 1),
(205, 56, 1),
(206, 57, 1),
(207, 57, 1),
(208, 57, 1),
(209, 57, 1),
(210, 57, 1),
(211, 57, 1),
(212, 57, 1),
(213, 57, 1),
(214, 58, 1),
(215, 58, 1),
(216, 58, 1),
(217, 58, 1),
(218, 58, 1),
(219, 58, 1),
(220, 58, 1),
(221, 58, 1),
(222, 59, 1),
(223, 59, 1),
(224, 59, 1),
(225, 59, 1),
(226, 60, 1),
(227, 60, 1),
(228, 60, 1),
(229, 60, 1),
(230, 61, 1),
(231, 61, 1),
(232, 61, 1),
(233, 61, 1),
(234, 62, 1),
(235, 62, 1),
(236, 62, 1),
(237, 62, 1),
(238, 63, 1),
(239, 63, 1),
(240, 63, 1),
(241, 63, 1),
(242, 64, 1),
(243, 64, 1),
(244, 64, 1),
(245, 64, 1),
(246, 65, 1),
(247, 65, 1),
(248, 65, 1),
(249, 65, 1),
(250, 66, 1),
(251, 66, 1),
(252, 66, 1),
(253, 66, 1),
(254, 67, 1),
(255, 67, 1),
(256, 67, 1),
(257, 67, 1),
(258, 68, 1),
(259, 68, 1),
(260, 68, 1),
(261, 68, 1),
(262, 69, 1),
(263, 69, 1),
(264, 69, 1),
(265, 69, 1),
(266, 70, 1),
(267, 70, 1),
(268, 70, 1),
(269, 70, 1),
(270, 71, 1),
(271, 71, 1),
(272, 71, 1),
(273, 71, 1),
(274, 72, 1),
(275, 72, 1),
(276, 72, 1),
(277, 72, 1),
(278, 73, 1),
(279, 73, 1),
(280, 73, 1),
(281, 73, 1),
(282, 74, 1),
(283, 75, 1),
(284, 76, 1),
(285, 77, 1),
(286, 78, 1),
(287, 79, 1),
(288, 80, 1),
(289, 81, 1),
(290, 82, 1),
(291, 83, 1),
(292, 84, 1),
(293, 85, 1),
(294, 86, 1),
(295, 87, 1),
(296, 87, 1),
(297, 87, 1),
(298, 87, 1),
(299, 88, 1),
(300, 88, 1),
(301, 88, 1),
(302, 88, 1),
(303, 89, 1),
(304, 89, 1),
(305, 89, 1),
(306, 89, 1),
(307, 90, 1),
(308, 90, 1),
(309, 90, 1),
(310, 90, 1),
(311, 91, 1),
(312, 91, 1),
(313, 91, 1),
(314, 91, 1),
(315, 92, 1),
(316, 92, 1),
(317, 92, 1),
(318, 92, 1),
(319, 93, 1),
(320, 93, 1),
(321, 93, 1),
(322, 93, 1),
(323, 94, 1),
(324, 94, 1),
(325, 94, 1),
(326, 94, 1),
(327, 95, 1),
(328, 95, 1),
(329, 95, 1),
(330, 95, 1),
(331, 96, 1),
(332, 96, 1),
(333, 96, 1),
(334, 96, 1),
(335, 97, 1),
(336, 97, 1),
(337, 97, 1),
(338, 97, 1),
(339, 98, 1),
(340, 99, 1),
(341, 99, 1),
(342, 99, 1),
(343, 99, 1),
(344, 100, 1),
(345, 100, 1),
(346, 100, 1),
(347, 100, 1),
(348, 101, 1),
(349, 101, 1),
(350, 101, 1),
(351, 101, 1),
(352, 102, 1),
(353, 103, 1),
(354, 104, 1),
(355, 105, 1),
(356, 106, 1),
(357, 107, 1),
(358, 108, 1),
(359, 109, 1),
(360, 110, 1),
(361, 111, 1),
(362, 112, 1),
(363, 113, 1),
(364, 114, 1),
(365, 115, 1),
(366, 116, 1),
(367, 117, 1),
(368, 118, 1),
(369, 119, 1),
(370, 120, 1),
(371, 120, 1),
(372, 120, 1),
(373, 120, 1),
(374, 121, 1),
(375, 121, 1),
(376, 121, 1),
(377, 121, 1),
(378, 122, 1),
(379, 122, 1),
(380, 122, 1),
(381, 122, 1),
(382, 123, 1),
(383, 123, 1),
(384, 123, 1),
(385, 123, 1),
(386, 124, 1),
(387, 124, 1),
(388, 124, 1),
(389, 124, 1),
(390, 125, 2),
(391, 125, 2),
(392, 125, 2),
(393, 126, 2),
(394, 126, 2),
(395, 126, 2),
(396, 127, 2),
(397, 127, 2),
(398, 127, 2),
(399, 127, 2),
(400, 127, 2),
(401, 127, 2),
(402, 127, 2),
(403, 128, 2),
(404, 128, 2),
(405, 128, 2),
(406, 128, 2),
(407, 129, 2),
(408, 129, 2),
(409, 129, 2),
(410, 130, 2),
(411, 130, 2),
(412, 130, 2),
(413, 131, 2),
(414, 131, 2),
(415, 131, 2),
(416, 131, 2),
(417, 132, 2),
(418, 133, 2),
(419, 134, 2),
(420, 135, 2),
(421, 135, 2),
(422, 135, 2),
(423, 136, 2),
(424, 136, 2),
(425, 136, 2),
(426, 136, 2),
(427, 137, 2),
(428, 137, 2),
(429, 137, 2),
(430, 137, 2),
(431, 138, 2),
(432, 138, 2),
(433, 138, 2),
(434, 138, 2),
(435, 139, 2),
(436, 139, 2),
(437, 139, 2),
(438, 139, 2),
(439, 140, 2),
(440, 140, 2),
(441, 140, 2),
(442, 140, 2),
(443, 141, 2),
(444, 141, 2),
(445, 141, 2),
(446, 141, 2),
(447, 141, 2),
(448, 142, 2),
(449, 142, 2),
(450, 142, 2),
(451, 142, 2),
(452, 142, 2),
(453, 143, 2),
(454, 144, 2),
(455, 145, 2),
(456, 146, 2),
(457, 147, 2),
(458, 148, 2),
(459, 148, 2),
(460, 149, 2),
(461, 150, 2),
(462, 151, 2),
(463, 152, 2),
(464, 153, 2),
(465, 154, 2),
(466, 154, 2),
(467, 154, 2),
(468, 154, 2),
(469, 155, 2),
(470, 155, 2),
(471, 155, 2),
(472, 155, 2),
(473, 155, 2),
(474, 156, 2),
(475, 156, 2),
(476, 156, 2),
(477, 156, 2),
(478, 157, 2),
(479, 157, 2),
(480, 157, 2),
(481, 157, 2),
(482, 157, 2),
(483, 21, 2),
(484, 21, 2),
(485, 21, 2),
(486, 21, 2),
(487, 22, 2),
(488, 22, 2),
(489, 22, 2),
(490, 22, 2),
(491, 22, 2),
(492, 23, 2),
(493, 23, 2),
(494, 23, 2),
(495, 23, 2),
(496, 24, 2),
(497, 24, 2),
(498, 24, 2),
(499, 24, 2),
(500, 24, 2),
(501, 25, 2),
(502, 25, 2),
(503, 25, 2),
(504, 25, 2),
(505, 25, 2),
(506, 26, 2),
(507, 26, 2),
(508, 26, 2),
(509, 26, 2),
(510, 27, 2),
(511, 27, 2),
(512, 27, 2),
(513, 27, 2),
(514, 28, 2),
(515, 28, 2),
(516, 28, 2),
(517, 28, 2),
(518, 29, 2),
(519, 29, 2),
(520, 29, 2),
(521, 29, 2),
(522, 29, 2),
(523, 30, 2),
(524, 30, 2),
(525, 30, 2),
(526, 30, 2),
(527, 30, 2),
(528, 31, 2),
(529, 31, 2),
(530, 31, 2),
(531, 31, 2),
(532, 31, 2),
(533, 32, 2),
(534, 32, 2),
(535, 32, 2),
(536, 32, 2),
(537, 33, 2),
(538, 33, 2),
(539, 33, 2),
(540, 33, 2),
(541, 34, 2),
(542, 34, 2),
(543, 34, 2),
(544, 34, 2),
(545, 34, 2),
(546, 35, 2),
(547, 35, 2),
(548, 35, 2),
(549, 35, 2),
(550, 35, 2),
(551, 36, 2),
(552, 36, 2),
(553, 36, 2),
(554, 36, 2),
(555, 37, 2),
(556, 37, 2),
(557, 37, 2),
(558, 37, 2),
(559, 37, 2),
(560, 38, 2),
(561, 38, 2),
(562, 38, 2),
(563, 38, 2),
(564, 39, 2),
(565, 39, 2),
(566, 39, 2),
(567, 39, 2),
(568, 39, 2),
(569, 40, 2),
(570, 40, 2),
(571, 40, 2),
(572, 40, 2),
(573, 41, 2),
(574, 41, 2),
(575, 41, 2),
(576, 41, 2),
(577, 41, 2),
(578, 42, 2),
(579, 42, 2),
(580, 42, 2),
(581, 42, 2),
(582, 43, 2),
(583, 43, 2),
(584, 43, 2),
(585, 43, 2),
(586, 43, 2),
(587, 44, 2),
(588, 44, 2),
(589, 44, 2),
(590, 44, 2),
(591, 45, 2),
(592, 45, 2),
(593, 45, 2),
(594, 45, 2),
(595, 46, 2),
(596, 46, 2),
(597, 46, 2),
(598, 46, 2),
(599, 47, 2),
(600, 47, 2),
(601, 47, 2),
(602, 47, 2),
(603, 48, 2),
(604, 48, 2),
(605, 48, 2),
(606, 48, 2),
(607, 49, 2),
(608, 49, 2),
(609, 49, 2),
(610, 49, 2),
(611, 50, 2),
(612, 50, 2),
(613, 50, 2),
(614, 50, 2),
(615, 51, 2),
(616, 51, 2),
(617, 51, 2),
(618, 51, 2),
(619, 52, 2),
(620, 52, 2),
(621, 52, 2),
(622, 52, 2),
(623, 53, 2),
(624, 53, 2),
(625, 53, 2),
(626, 53, 2),
(627, 54, 2),
(628, 54, 2),
(629, 54, 2),
(630, 54, 2),
(631, 192, 2),
(632, 192, 2),
(633, 192, 2),
(634, 192, 2),
(635, 193, 2),
(636, 193, 2),
(637, 193, 2),
(638, 193, 2),
(639, 194, 2),
(640, 194, 2),
(641, 194, 2),
(642, 194, 2),
(643, 195, 2),
(644, 195, 2),
(645, 195, 2),
(646, 195, 2),
(647, 196, 2),
(648, 196, 2),
(649, 196, 2),
(650, 196, 2),
(651, 197, 2),
(652, 197, 2),
(653, 197, 2),
(654, 197, 2),
(655, 198, 2),
(656, 198, 2),
(657, 198, 2),
(658, 198, 2),
(659, 199, 2),
(660, 199, 2),
(661, 199, 2),
(662, 199, 2),
(663, 200, 2),
(664, 200, 2),
(665, 200, 2),
(666, 200, 2),
(667, 201, 2),
(668, 201, 2),
(669, 201, 2),
(670, 201, 2),
(671, 202, 2),
(672, 202, 2),
(673, 202, 2),
(674, 202, 2),
(675, 203, 2),
(676, 203, 2),
(677, 203, 2),
(678, 203, 2),
(679, 204, 2),
(680, 204, 2),
(681, 204, 2),
(682, 204, 2),
(683, 205, 2),
(684, 205, 2),
(685, 205, 2),
(686, 205, 2),
(687, 206, 2),
(688, 206, 2),
(689, 206, 2),
(690, 206, 2),
(691, 207, 2),
(692, 207, 2),
(693, 207, 2),
(694, 207, 2),
(695, 208, 2),
(696, 208, 2),
(697, 208, 2),
(698, 208, 2),
(699, 209, 2),
(700, 209, 2),
(701, 209, 2),
(702, 209, 2),
(703, 210, 2),
(704, 210, 2),
(705, 210, 2),
(706, 210, 2),
(707, 211, 2),
(708, 211, 2),
(709, 211, 2),
(710, 211, 2),
(711, 212, 2),
(712, 212, 2),
(713, 212, 2),
(714, 212, 2),
(715, 213, 2),
(716, 213, 2),
(717, 213, 2),
(718, 213, 2),
(719, 214, 2),
(720, 214, 2),
(721, 214, 2),
(722, 214, 2),
(723, 215, 2),
(724, 215, 2),
(725, 215, 2),
(726, 215, 2),
(727, 216, 2),
(728, 216, 2),
(729, 216, 2),
(730, 216, 2),
(731, 217, 2),
(732, 217, 2),
(733, 217, 2),
(734, 217, 2),
(735, 218, 2),
(736, 218, 2),
(737, 218, 2),
(738, 218, 2),
(739, 218, 2),
(740, 218, 2),
(741, 219, 2),
(742, 219, 2),
(743, 219, 2),
(744, 219, 2),
(745, 220, 2),
(746, 220, 2),
(747, 221, 2),
(748, 221, 2),
(749, 222, 2),
(750, 222, 2),
(751, 223, 2),
(752, 223, 2),
(753, 224, 2),
(754, 224, 2),
(755, 225, 2),
(756, 225, 2),
(757, 226, 2),
(758, 226, 2),
(759, 227, 2),
(760, 227, 2),
(761, 228, 2),
(762, 228, 2),
(763, 229, 2),
(764, 229, 2),
(765, 230, 2),
(766, 231, 2),
(767, 232, 2),
(768, 233, 2),
(769, 234, 2),
(770, 234, 2),
(771, 56, 2),
(772, 56, 2),
(773, 56, 2),
(774, 56, 2),
(775, 120, 2),
(776, 120, 2),
(777, 120, 2),
(778, 120, 2),
(779, 121, 2),
(780, 121, 2),
(781, 121, 2),
(782, 121, 2),
(783, 121, 2),
(784, 122, 2),
(785, 122, 2),
(786, 122, 2),
(787, 122, 2),
(788, 123, 2),
(789, 123, 2),
(790, 123, 2),
(791, 123, 2),
(792, 124, 2),
(793, 124, 2),
(794, 124, 2),
(795, 124, 2),
(796, 124, 2),
(797, 241, 2),
(798, 241, 2),
(799, 241, 2),
(800, 241, 2),
(801, 242, 2),
(802, 242, 2),
(803, 242, 2),
(804, 243, 2),
(805, 244, 2),
(806, 245, 2),
(807, 245, 2),
(808, 246, 2),
(809, 247, 2),
(810, 248, 3),
(811, 248, 3),
(812, 249, 3),
(813, 249, 3),
(814, 250, 3),
(815, 250, 3),
(816, 251, 3),
(817, 251, 3),
(818, 252, 3),
(819, 252, 3),
(820, 253, 3),
(821, 253, 3),
(822, 254, 3),
(823, 254, 3),
(824, 255, 3),
(825, 255, 3),
(826, 256, 3),
(827, 256, 3),
(828, 257, 3),
(829, 257, 3),
(830, 258, 3),
(831, 258, 3),
(832, 258, 3),
(833, 258, 3),
(834, 259, 3),
(835, 259, 3),
(836, 260, 3),
(837, 260, 3),
(838, 261, 3),
(839, 261, 3),
(840, 262, 3),
(841, 262, 3),
(842, 263, 3),
(843, 263, 3),
(844, 264, 3),
(845, 264, 3),
(846, 265, 3),
(847, 265, 3),
(848, 266, 3),
(849, 266, 3),
(850, 267, 3),
(851, 267, 3),
(852, 268, 3),
(853, 268, 3),
(854, 269, 3),
(855, 269, 3),
(856, 270, 3),
(857, 270, 3),
(858, 271, 3),
(859, 271, 3),
(860, 272, 3),
(861, 272, 3),
(862, 273, 3),
(863, 273, 3),
(864, 274, 3),
(865, 274, 3),
(866, 275, 3),
(867, 275, 3),
(868, 276, 3),
(869, 276, 3),
(870, 277, 3),
(871, 278, 3),
(872, 279, 3),
(873, 279, 3),
(874, 280, 3),
(875, 280, 3),
(876, 281, 3),
(877, 281, 3),
(878, 282, 3),
(879, 282, 3),
(880, 283, 3),
(881, 283, 3),
(882, 284, 3),
(883, 284, 3),
(884, 285, 3),
(885, 285, 3),
(886, 286, 3),
(887, 286, 3),
(888, 287, 3),
(889, 287, 3),
(890, 288, 3),
(891, 288, 3),
(892, 289, 3),
(893, 289, 3),
(894, 290, 3),
(895, 290, 3),
(896, 291, 3),
(897, 291, 3),
(898, 292, 3),
(899, 292, 3),
(900, 293, 3),
(901, 293, 3),
(902, 294, 3),
(903, 294, 3),
(904, 295, 3),
(905, 295, 3),
(906, 296, 3),
(907, 296, 3),
(908, 297, 3),
(909, 297, 3),
(910, 298, 3),
(911, 298, 3),
(912, 299, 3),
(913, 299, 3),
(914, 300, 3),
(915, 300, 3),
(916, 301, 3),
(917, 301, 3),
(918, 302, 3),
(919, 302, 3),
(920, 123, 3),
(921, 123, 3),
(922, 304, 3),
(923, 304, 3),
(924, 305, 3),
(925, 305, 3),
(926, 306, 3),
(927, 306, 3),
(928, 307, 3),
(929, 307, 3),
(930, 308, 3),
(931, 308, 3),
(932, 309, 3),
(933, 309, 3),
(934, 310, 3),
(935, 310, 3),
(936, 311, 3),
(937, 311, 3),
(938, 312, 3),
(939, 312, 3),
(940, 313, 3),
(941, 313, 3),
(942, 314, 3),
(943, 314, 3),
(944, 315, 3),
(945, 316, 3),
(946, 317, 3),
(947, 318, 3),
(948, 319, 3),
(949, 320, 3),
(950, 321, 3),
(951, 322, 3),
(952, 323, 3),
(953, 324, 3),
(954, 325, 3),
(955, 326, 3),
(956, 327, 3),
(957, 328, 3),
(958, 329, 3),
(959, 329, 3),
(960, 330, 3),
(961, 330, 3),
(962, 331, 3),
(963, 331, 3),
(964, 332, 3),
(965, 332, 3),
(966, 333, 3),
(967, 333, 3),
(968, 333, 3),
(969, 334, 3),
(970, 334, 3),
(971, 335, 3),
(972, 335, 3),
(973, 336, 3),
(974, 336, 3),
(975, 337, 3),
(976, 337, 3),
(977, 338, 3),
(978, 338, 3),
(979, 339, 3),
(980, 339, 3),
(981, 340, 4),
(982, 340, 4),
(983, 340, 4),
(984, 341, 4),
(985, 341, 4),
(986, 341, 4),
(987, 342, 4),
(988, 342, 4),
(989, 342, 4),
(990, 343, 4),
(991, 343, 4),
(992, 343, 4),
(993, 344, 4),
(994, 344, 4),
(995, 344, 4),
(996, 345, 4),
(997, 345, 4),
(998, 345, 4),
(999, 346, 4),
(1000, 346, 4),
(1001, 346, 4),
(1002, 347, 4),
(1003, 347, 4),
(1004, 347, 4),
(1005, 348, 4),
(1006, 348, 4),
(1007, 348, 4),
(1008, 349, 4),
(1009, 349, 4),
(1010, 349, 4),
(1011, 350, 4),
(1012, 350, 4),
(1013, 350, 4),
(1014, 351, 4),
(1015, 351, 4),
(1016, 351, 4),
(1017, 352, 4),
(1018, 352, 4),
(1019, 352, 4),
(1020, 353, 4),
(1021, 353, 4),
(1022, 353, 4),
(1023, 354, 4),
(1024, 354, 4),
(1025, 354, 4),
(1026, 355, 4),
(1027, 355, 4),
(1028, 355, 4),
(1029, 356, 4),
(1030, 356, 4),
(1031, 356, 4),
(1032, 357, 4),
(1033, 357, 4),
(1034, 357, 4),
(1035, 358, 4),
(1036, 358, 4),
(1037, 358, 4),
(1038, 359, 4),
(1039, 359, 4),
(1040, 359, 4),
(1041, 360, 4),
(1042, 360, 4),
(1043, 360, 4),
(1044, 361, 4),
(1045, 362, 4),
(1046, 362, 4),
(1047, 362, 4),
(1048, 363, 4),
(1049, 363, 4),
(1050, 363, 4),
(1051, 364, 4),
(1052, 364, 4),
(1053, 364, 4),
(1054, 365, 4),
(1055, 365, 4),
(1056, 365, 4),
(1057, 28, 4),
(1058, 28, 4),
(1059, 28, 4),
(1060, 29, 4),
(1061, 29, 4),
(1062, 29, 4),
(1063, 30, 4),
(1064, 30, 4),
(1065, 30, 4),
(1066, 31, 4),
(1067, 31, 4),
(1068, 31, 4),
(1069, 32, 4),
(1070, 32, 4),
(1071, 32, 4),
(1072, 33, 4),
(1073, 33, 4),
(1074, 33, 4),
(1075, 34, 4),
(1076, 34, 4),
(1077, 34, 4),
(1078, 35, 4),
(1079, 35, 4),
(1080, 35, 4),
(1081, 36, 4),
(1082, 36, 4),
(1083, 36, 4),
(1084, 37, 4),
(1085, 37, 4),
(1086, 37, 4),
(1087, 38, 4),
(1088, 38, 4),
(1089, 38, 4),
(1090, 39, 4),
(1091, 39, 4),
(1092, 39, 4),
(1093, 40, 4),
(1094, 40, 4),
(1095, 40, 4),
(1096, 41, 4),
(1097, 41, 4),
(1098, 41, 4),
(1099, 42, 4),
(1100, 42, 4),
(1101, 42, 4),
(1102, 43, 4),
(1103, 43, 4),
(1104, 43, 4),
(1105, 56, 4),
(1106, 56, 4),
(1107, 56, 4),
(1108, 280, 4),
(1109, 280, 4),
(1110, 280, 4),
(1111, 384, 4),
(1112, 384, 4),
(1113, 384, 4),
(1114, 385, 4),
(1115, 385, 4),
(1116, 385, 4),
(1117, 386, 4),
(1118, 386, 4),
(1119, 386, 4),
(1120, 387, 4),
(1121, 387, 4),
(1122, 387, 4),
(1123, 388, 4),
(1124, 388, 4),
(1125, 388, 4),
(1126, 389, 4),
(1127, 389, 4),
(1128, 389, 4),
(1129, 390, 4),
(1130, 390, 4),
(1131, 390, 4),
(1132, 391, 4),
(1133, 391, 4),
(1134, 391, 4),
(1135, 392, 4),
(1136, 392, 4),
(1137, 392, 4),
(1138, 393, 4),
(1139, 393, 4),
(1140, 393, 4),
(1141, 394, 4),
(1142, 394, 4),
(1143, 394, 4),
(1144, 395, 4),
(1145, 395, 4),
(1146, 395, 4),
(1147, 396, 4),
(1148, 396, 4),
(1149, 396, 4),
(1150, 285, 4),
(1151, 285, 4),
(1152, 285, 4),
(1153, 398, 4),
(1154, 398, 4),
(1155, 398, 4),
(1156, 399, 4),
(1157, 399, 4),
(1158, 399, 4),
(1159, 400, 4),
(1160, 400, 4),
(1161, 400, 4),
(1162, 401, 4),
(1163, 401, 4),
(1164, 401, 4),
(1165, 402, 4),
(1166, 402, 4),
(1167, 402, 4),
(1168, 403, 4),
(1169, 403, 4),
(1170, 404, 4),
(1171, 405, 4),
(1172, 406, 4),
(1173, 406, 4),
(1174, 406, 4),
(1175, 407, 4),
(1176, 407, 4),
(1177, 407, 4),
(1178, 408, 4),
(1179, 408, 4),
(1180, 408, 4),
(1181, 409, 4),
(1182, 409, 4),
(1183, 409, 4),
(1184, 410, 4),
(1185, 410, 4),
(1186, 410, 4),
(1187, 411, 4),
(1188, 411, 4),
(1189, 411, 4),
(1190, 412, 4),
(1191, 412, 4),
(1192, 412, 4),
(1193, 413, 4),
(1194, 413, 4),
(1195, 413, 4),
(1196, 414, 4),
(1197, 414, 4),
(1198, 414, 4),
(1199, 415, 4),
(1200, 415, 4),
(1201, 415, 4),
(1202, 416, 4),
(1203, 416, 4),
(1204, 416, 4),
(1205, 417, 4),
(1206, 417, 4),
(1207, 417, 4),
(1208, 418, 4),
(1209, 418, 4),
(1210, 418, 4),
(1211, 419, 4),
(1212, 419, 4),
(1213, 419, 4),
(1214, 420, 4),
(1215, 420, 4),
(1216, 420, 4),
(1217, 421, 4),
(1218, 421, 4),
(1219, 421, 4),
(1220, 422, 4),
(1221, 422, 4),
(1222, 422, 4),
(1223, 423, 4),
(1224, 423, 4),
(1225, 423, 4),
(1226, 424, 4),
(1227, 424, 4),
(1228, 424, 4),
(1229, 425, 4),
(1230, 425, 4),
(1231, 425, 4),
(1232, 426, 4),
(1233, 427, 4),
(1234, 428, 4),
(1235, 429, 4),
(1236, 430, 4),
(1237, 431, 4),
(1238, 432, 4),
(1239, 433, 4),
(1240, 434, 4),
(1241, 435, 4),
(1242, 436, 4),
(1243, 437, 4),
(1244, 438, 4),
(1245, 439, 4),
(1246, 440, 4),
(1247, 441, 4),
(1248, 442, 4),
(1249, 443, 4),
(1250, 444, 4),
(1251, 445, 4),
(1252, 445, 4),
(1253, 445, 4),
(1254, 446, 4),
(1255, 446, 4),
(1256, 446, 4),
(1257, 447, 4),
(1258, 447, 4),
(1259, 447, 4),
(1260, 448, 4),
(1261, 448, 4),
(1262, 448, 4),
(1263, 449, 4),
(1264, 449, 4),
(1265, 449, 4),
(1266, 450, 4),
(1267, 450, 4),
(1268, 450, 4),
(1269, 451, 4),
(1270, 451, 4),
(1271, 451, 4),
(1272, 452, 4),
(1273, 452, 4),
(1274, 452, 4),
(1275, 453, 4),
(1276, 453, 4),
(1277, 453, 4),
(1278, 454, 4),
(1279, 454, 4),
(1280, 454, 4),
(1281, 455, 4),
(1282, 455, 4),
(1283, 455, 4),
(1284, 456, 4),
(1285, 456, 4),
(1286, 456, 4),
(1287, 457, 4),
(1288, 457, 4),
(1289, 457, 4),
(1290, 458, 4),
(1291, 458, 4),
(1292, 458, 4),
(1293, 459, 4),
(1294, 459, 4),
(1295, 459, 4),
(1296, 460, 4),
(1297, 460, 4),
(1298, 460, 4),
(1299, 461, 4),
(1300, 461, 4),
(1301, 461, 4),
(1302, 462, 4),
(1303, 462, 4),
(1304, 462, 4),
(1305, 463, 4),
(1306, 463, 4),
(1307, 463, 4),
(1308, 464, 4),
(1309, 464, 4),
(1310, 464, 4),
(1311, 465, 4),
(1312, 465, 4),
(1313, 465, 4),
(1314, 466, 4),
(1315, 466, 4),
(1316, 466, 4),
(1317, 467, 4),
(1318, 467, 4),
(1319, 467, 4),
(1320, 468, 4),
(1321, 468, 4),
(1322, 468, 4),
(1323, 469, 4),
(1324, 469, 4),
(1325, 469, 4),
(1326, 470, 4),
(1327, 470, 4),
(1328, 470, 4),
(1329, 471, 4),
(1330, 471, 4),
(1331, 471, 4),
(1332, 472, 4),
(1333, 472, 4),
(1334, 472, 4),
(1335, 473, 4),
(1336, 473, 4),
(1337, 473, 4),
(1338, 474, 4),
(1339, 474, 4),
(1340, 474, 4),
(1341, 475, 4),
(1342, 475, 4),
(1343, 475, 4),
(1344, 476, 4),
(1345, 476, 4),
(1346, 476, 4),
(1347, 477, 4),
(1348, 477, 4),
(1349, 477, 4),
(1350, 478, 4),
(1351, 478, 4),
(1352, 478, 4),
(1353, 479, 4),
(1354, 479, 4),
(1355, 479, 4),
(1356, 480, 4),
(1357, 480, 4),
(1358, 480, 4),
(1359, 481, 4),
(1360, 481, 4),
(1361, 481, 4),
(1362, 482, 4),
(1363, 482, 4),
(1364, 482, 4),
(1365, 483, 4),
(1366, 483, 4),
(1367, 483, 4),
(1368, 484, 4),
(1369, 484, 4),
(1370, 484, 4),
(1371, 485, 4),
(1372, 485, 4),
(1373, 485, 4),
(1374, 485, 4),
(1375, 485, 4),
(1376, 485, 4),
(1377, 275, 5),
(1378, 276, 5),
(1379, 488, 5),
(1380, 279, 5),
(1381, 490, 5),
(1382, 32, 5),
(1383, 33, 5),
(1384, 34, 5),
(1385, 35, 5),
(1386, 56, 5),
(1387, 280, 5),
(1388, 497, 5),
(1389, 498, 5),
(1390, 499, 5),
(1391, 500, 5),
(1392, 501, 5),
(1393, 502, 5),
(1394, 502, 5),
(1395, 503, 5),
(1396, 504, 5),
(1397, 505, 5),
(1398, 506, 5),
(1399, 507, 5),
(1400, 508, 5),
(1401, 508, 5),
(1402, 509, 5),
(1403, 510, 5),
(1404, 281, 5),
(1405, 512, 5),
(1406, 513, 5),
(1407, 514, 5),
(1408, 282, 5),
(1409, 283, 5),
(1410, 284, 5),
(1411, 518, 5),
(1412, 519, 5),
(1413, 520, 5),
(1414, 521, 5),
(1415, 522, 5),
(1416, 523, 5),
(1417, 285, 5),
(1418, 525, 5),
(1419, 526, 5),
(1420, 527, 5),
(1421, 528, 5),
(1422, 529, 5),
(1423, 530, 5),
(1424, 313, 5),
(1425, 532, 5),
(1426, 533, 5),
(1427, 534, 5),
(1428, 535, 5),
(1429, 536, 5),
(1430, 330, 5),
(1431, 331, 5),
(1432, 336, 5),
(1433, 337, 5),
(1434, 338, 5),
(1435, 542, 5),
(1436, 543, 5);

--
-- Indici per le tabelle scaricate
--

--
-- Indici per le tabelle `bus_numbers`
--
ALTER TABLE `bus_numbers`
  ADD PRIMARY KEY (`id`),
  ADD UNIQUE KEY `number` (`number`);

--
-- Indici per le tabelle `bus_paths`
--
ALTER TABLE `bus_paths`
  ADD PRIMARY KEY (`id`),
  ADD KEY `bus_number_id` (`bus_number_id`);

--
-- Indici per le tabelle `bus_stops`
--
ALTER TABLE `bus_stops`
  ADD PRIMARY KEY (`id`),
  ADD UNIQUE KEY `latitude` (`latitude`,`longitude`);

--
-- Indici per le tabelle `stops_bus_numbers`
--
ALTER TABLE `stops_bus_numbers`
  ADD PRIMARY KEY (`id`),
  ADD KEY `stop_id` (`stop_id`),
  ADD KEY `bus_number_id` (`bus_number_id`);

--
-- AUTO_INCREMENT per le tabelle scaricate
--

--
-- AUTO_INCREMENT per la tabella `bus_numbers`
--
ALTER TABLE `bus_numbers`
  MODIFY `id` int(11) NOT NULL AUTO_INCREMENT, AUTO_INCREMENT=1445;

--
-- AUTO_INCREMENT per la tabella `bus_paths`
--
ALTER TABLE `bus_paths`
  MODIFY `id` int(11) NOT NULL AUTO_INCREMENT, AUTO_INCREMENT=7022;

--
-- AUTO_INCREMENT per la tabella `bus_stops`
--
ALTER TABLE `bus_stops`
  MODIFY `id` int(11) NOT NULL AUTO_INCREMENT, AUTO_INCREMENT=544;

--
-- AUTO_INCREMENT per la tabella `stops_bus_numbers`
--
ALTER TABLE `stops_bus_numbers`
  MODIFY `id` int(11) NOT NULL AUTO_INCREMENT, AUTO_INCREMENT=1437;

--
-- Limiti per le tabelle scaricate
--

--
-- Limiti per la tabella `bus_paths`
--
ALTER TABLE `bus_paths`
  ADD CONSTRAINT `bus_paths_ibfk_1` FOREIGN KEY (`bus_number_id`) REFERENCES `bus_numbers` (`id`) ON DELETE CASCADE ON UPDATE CASCADE;

--
-- Limiti per la tabella `stops_bus_numbers`
--
ALTER TABLE `stops_bus_numbers`
  ADD CONSTRAINT `stops_bus_numbers_ibfk_1` FOREIGN KEY (`stop_id`) REFERENCES `bus_stops` (`id`) ON DELETE CASCADE ON UPDATE CASCADE,
  ADD CONSTRAINT `stops_bus_numbers_ibfk_2` FOREIGN KEY (`bus_number_id`) REFERENCES `bus_numbers` (`id`) ON DELETE CASCADE ON UPDATE CASCADE;
COMMIT;

/*!40101 SET CHARACTER_SET_CLIENT=@OLD_CHARACTER_SET_CLIENT */;
/*!40101 SET CHARACTER_SET_RESULTS=@OLD_CHARACTER_SET_RESULTS */;
/*!40101 SET COLLATION_CONNECTION=@OLD_COLLATION_CONNECTION */;
